Q1,Q6,Q7,Q2,Q3,Q4,Q5,Q8,Q9
Which of the following platforms have you used before?,"If you are seeking information that will influence your decision-making in a high-stakes setting, which platform would you rather use to find the information?","If you are seeking information that will influence your decision-making in a low-stakes setting, which platform would you rather use to find the information?","If you have a question concerning how to handle a personal medical issue, which platform would you use to seek an answer?","If you have a question concerning topics in a friendly game of trivia, which platform would you use to seek an answer?","If you had a question concerning how to file your taxes, which platform would you use to seek an answer?","If you were trying to explain a complicated science topic to your third grade niece, which platform would you use to seek an answer?","What are your reasons to use search engines (e.g. Google, Bing) instead of chatbots (e.g. ChatGPT, Claude) when seeking information to answer a query?","What are your reasons to use chatbots (e.g. ChatGPT, Claude) instead of search engines (e.g. Google, Bing) when seeking information to answer a query?"
"{""ImportId"":""QID12""}","{""ImportId"":""QID6""}","{""ImportId"":""QID7""}","{""ImportId"":""QID2""}","{""ImportId"":""QID8""}","{""ImportId"":""QID9""}","{""ImportId"":""QID11""}","{""ImportId"":""QID4""}","{""ImportId"":""QID10""}"
"A traditional search engine (e.g. Google and Bing Search),A hybrid search engine and chatbot (e.g. Perplexity, Gemini, and CoPilot)",A traditional search engine (e.g. Google and Bing Search),A traditional search engine (e.g. Google and Bing Search),A traditional search engine (e.g. Google and Bing Search),A traditional search engine (e.g. Google and Bing Search),A traditional search engine (e.g. Google and Bing Search),A traditional search engine (e.g. Google and Bing Search),"Convenience of obtaining an answer,The variety of sources made available",For the entertainment factor of interacting with the underlying technology
"A traditional search engine (e.g. Google and Bing Search),A hybrid search engine and chatbot (e.g. Perplexity, Gemini, and CoPilot),A chatbot (e.g. ChatGPT and Claude)",A chatbot (e.g. ChatGPT and Claude),A traditional search engine (e.g. Google and Bing Search),"A hybrid search engine and chatbot (e.g. Perplexity, Gemini, and CoPilot)",A chatbot (e.g. ChatGPT and Claude),"A hybrid search engine and chatbot (e.g. Perplexity, Gemini, and CoPilot)",A chatbot (e.g. ChatGPT and Claude),The variety of sources made available,Seeking a highly personalized answer
A traditional search engine (e.g. Google and Bing Search),A traditional search engine (e.g. Google and Bing Search),A chatbot (e.g. ChatGPT and Claude),A traditional search engine (e.g. Google and Bing Search),A traditional search engine (e.g. Google and Bing Search),A traditional search engine (e.g. Google and Bing Search),A chatbot (e.g. ChatGPT and Claude),"Reliability of provided answers,Knowing where the answer comes from","Convenience of obtaining an answer,For the entertainment factor of interacting with the underlying technology"
"A traditional search engine (e.g. Google and Bing Search),A chatbot (e.g. ChatGPT and Claude)",A chatbot (e.g. ChatGPT and Claude),A chatbot (e.g. ChatGPT and Claude),A traditional search engine (e.g. Google and Bing Search),A chatbot (e.g. ChatGPT and Claude),A traditional search engine (e.g. Google and Bing Search),A chatbot (e.g. ChatGPT and Claude),"Knowing where the answer comes from,The variety of sources made available","For the entertainment factor of interacting with the underlying technology,Seeking a highly personalized answer"
"A traditional search engine (e.g. Google and Bing Search),A chatbot (e.g. ChatGPT and Claude)",A chatbot (e.g. ChatGPT and Claude),A traditional search engine (e.g. Google and Bing Search),A chatbot (e.g. ChatGPT and Claude),A traditional search engine (e.g. Google and Bing Search),A traditional search engine (e.g. Google and Bing Search),A chatbot (e.g. ChatGPT and Claude),"Reliability of provided answers,Convenience of obtaining an answer,The variety of sources made available","Reliability of provided answers,For the entertainment factor of interacting with the underlying technology,Seeking a highly personalized answer"
"A traditional search engine (e.g. Google and Bing Search),A chatbot (e.g. ChatGPT and Claude)",A traditional search engine (e.g. Google and Bing Search),A traditional search engine (e.g. Google and Bing Search),A traditional search engine (e.g. Google and Bing Search),A traditional search engine (e.g. Google and Bing Search),A traditional search engine (e.g. Google and Bing Search),A chatbot (e.g. ChatGPT and Claude),Knowing where the answer comes from,"Convenience of obtaining an answer,For the entertainment factor of interacting with the underlying technology"
"A traditional search engine (e.g. Google and Bing Search),A hybrid search engine and chatbot (e.g. Perplexity, Gemini, and CoPilot),A chatbot (e.g. ChatGPT and Claude)",A traditional search engine (e.g. Google and Bing Search),A chatbot (e.g. ChatGPT and Claude),A traditional search engine (e.g. Google and Bing Search),A traditional search engine (e.g. Google and Bing Search),"A hybrid search engine and chatbot (e.g. Perplexity, Gemini, and CoPilot)","A hybrid search engine and chatbot (e.g. Perplexity, Gemini, and CoPilot)",Knowing where the answer comes from,"Convenience of obtaining an answer,For the entertainment factor of interacting with the underlying technology,Seeking a highly personalized answer"
"A traditional search engine (e.g. Google and Bing Search),A chatbot (e.g. ChatGPT and Claude)",A traditional search engine (e.g. Google and Bing Search),A traditional search engine (e.g. Google and Bing Search),A traditional search engine (e.g. Google and Bing Search),A traditional search engine (e.g. Google and Bing Search),A traditional search engine (e.g. Google and Bing Search),A chatbot (e.g. ChatGPT and Claude),"Reliability of provided answers,Knowing where the answer comes from,The variety of sources made available","Convenience of obtaining an answer,Seeking a highly personalized answer"
"A traditional search engine (e.g. Google and Bing Search),A hybrid search engine and chatbot (e.g. Perplexity, Gemini, and CoPilot),A chatbot (e.g. ChatGPT and Claude)",A traditional search engine (e.g. Google and Bing Search),A chatbot (e.g. ChatGPT and Claude),A traditional search engine (e.g. Google and Bing Search),"A hybrid search engine and chatbot (e.g. Perplexity, Gemini, and CoPilot)","A hybrid search engine and chatbot (e.g. Perplexity, Gemini, and CoPilot)",A chatbot (e.g. ChatGPT and Claude),"Reliability of provided answers,Knowing where the answer comes from,The variety of sources made available","Convenience of obtaining an answer,For the entertainment factor of interacting with the underlying technology,Seeking a highly personalized answer"
"A traditional search engine (e.g. Google and Bing Search),A chatbot (e.g. ChatGPT and Claude)",A traditional search engine (e.g. Google and Bing Search),A traditional search engine (e.g. Google and Bing Search),A traditional search engine (e.g. Google and Bing Search),A traditional search engine (e.g. Google and Bing Search),A traditional search engine (e.g. Google and Bing Search),"A hybrid search engine and chatbot (e.g. Perplexity, Gemini, and CoPilot)","Reliability of provided answers,The variety of sources made available","Convenience of obtaining an answer,For the entertainment factor of interacting with the underlying technology"
"A traditional search engine (e.g. Google and Bing Search),A chatbot (e.g. ChatGPT and Claude)",A traditional search engine (e.g. Google and Bing Search),A traditional search engine (e.g. Google and Bing Search),A traditional search engine (e.g. Google and Bing Search),"A hybrid search engine and chatbot (e.g. Perplexity, Gemini, and CoPilot)",A traditional search engine (e.g. Google and Bing Search),A chatbot (e.g. ChatGPT and Claude),"Reliability of provided answers,Knowing where the answer comes from,The variety of sources made available,Seeking a highly personalized answer","Convenience of obtaining an answer,For the entertainment factor of interacting with the underlying technology"
A traditional search engine (e.g. Google and Bing Search),A traditional search engine (e.g. Google and Bing Search),A traditional search engine (e.g. Google and Bing Search),A traditional search engine (e.g. Google and Bing Search),A traditional search engine (e.g. Google and Bing Search),A traditional search engine (e.g. Google and Bing Search),A traditional search engine (e.g. Google and Bing Search),"Reliability of provided answers,Convenience of obtaining an answer,Knowing where the answer comes from,For the entertainment factor of interacting with the underlying technology,The variety of sources made available,Seeking a highly personalized answer",Convenience of obtaining an answer
A traditional search engine (e.g. Google and Bing Search),A traditional search engine (e.g. Google and Bing Search),A traditional search engine (e.g. Google and Bing Search),A traditional search engine (e.g. Google and Bing Search),A traditional search engine (e.g. Google and Bing Search),A traditional search engine (e.g. Google and Bing Search),A traditional search engine (e.g. Google and Bing Search),"Reliability of provided answers,Convenience of obtaining an answer,Knowing where the answer comes from,The variety of sources made available",For the entertainment factor of interacting with the underlying technology
A traditional search engine (e.g. Google and Bing Search),A traditional search engine (e.g. Google and Bing Search),A traditional search engine (e.g. Google and Bing Search),A traditional search engine (e.g. Google and Bing Search),A traditional search engine (e.g. Google and Bing Search),A chatbot (e.g. ChatGPT and Claude),A traditional search engine (e.g. Google and Bing Search),"Convenience of obtaining an answer,Knowing where the answer comes from,The variety of sources made available","Convenience of obtaining an answer,Knowing where the answer comes from,For the entertainment factor of interacting with the underlying technology,The variety of sources made available"
A traditional search engine (e.g. Google and Bing Search),A traditional search engine (e.g. Google and Bing Search),A chatbot (e.g. ChatGPT and Claude),A traditional search engine (e.g. Google and Bing Search),"A hybrid search engine and chatbot (e.g. Perplexity, Gemini, and CoPilot)","A hybrid search engine and chatbot (e.g. Perplexity, Gemini, and CoPilot)","A hybrid search engine and chatbot (e.g. Perplexity, Gemini, and CoPilot)","Reliability of provided answers,Knowing where the answer comes from,The variety of sources made available","Convenience of obtaining an answer,For the entertainment factor of interacting with the underlying technology"
"A traditional search engine (e.g. Google and Bing Search),A chatbot (e.g. ChatGPT and Claude)",A traditional search engine (e.g. Google and Bing Search),A chatbot (e.g. ChatGPT and Claude),A traditional search engine (e.g. Google and Bing Search),A chatbot (e.g. ChatGPT and Claude),A traditional search engine (e.g. Google and Bing Search),A chatbot (e.g. ChatGPT and Claude),"Convenience of obtaining an answer,Knowing where the answer comes from,The variety of sources made available,Seeking a highly personalized answer","Convenience of obtaining an answer,For the entertainment factor of interacting with the underlying technology"
A traditional search engine (e.g. Google and Bing Search),A traditional search engine (e.g. Google and Bing Search),A traditional search engine (e.g. Google and Bing Search),A traditional search engine (e.g. Google and Bing Search),A traditional search engine (e.g. Google and Bing Search),A traditional search engine (e.g. Google and Bing Search),A traditional search engine (e.g. Google and Bing Search),"Reliability of provided answers,Convenience of obtaining an answer,Knowing where the answer comes from,The variety of sources made available",For the entertainment factor of interacting with the underlying technology
"A traditional search engine (e.g. Google and Bing Search),A chatbot (e.g. ChatGPT and Claude)",A traditional search engine (e.g. Google and Bing Search),A traditional search engine (e.g. Google and Bing Search),A chatbot (e.g. ChatGPT and Claude),"A hybrid search engine and chatbot (e.g. Perplexity, Gemini, and CoPilot)",A chatbot (e.g. ChatGPT and Claude),"A hybrid search engine and chatbot (e.g. Perplexity, Gemini, and CoPilot)","Reliability of provided answers,The variety of sources made available","For the entertainment factor of interacting with the underlying technology,The variety of sources made available"
"A traditional search engine (e.g. Google and Bing Search),A chatbot (e.g. ChatGPT and Claude)",A chatbot (e.g. ChatGPT and Claude),A traditional search engine (e.g. Google and Bing Search),A chatbot (e.g. ChatGPT and Claude),A chatbot (e.g. ChatGPT and Claude),"A hybrid search engine and chatbot (e.g. Perplexity, Gemini, and CoPilot)","A hybrid search engine and chatbot (e.g. Perplexity, Gemini, and CoPilot)","Reliability of provided answers,Convenience of obtaining an answer,Knowing where the answer comes from,The variety of sources made available,Seeking a highly personalized answer","Reliability of provided answers,Convenience of obtaining an answer,Knowing where the answer comes from,The variety of sources made available,Seeking a highly personalized answer"
"A traditional search engine (e.g. Google and Bing Search),A chatbot (e.g. ChatGPT and Claude)",A traditional search engine (e.g. Google and Bing Search),A traditional search engine (e.g. Google and Bing Search),A traditional search engine (e.g. Google and Bing Search),A traditional search engine (e.g. Google and Bing Search),A traditional search engine (e.g. Google and Bing Search),A traditional search engine (e.g. Google and Bing Search),"Convenience of obtaining an answer,Knowing where the answer comes from,The variety of sources made available",For the entertainment factor of interacting with the underlying technology
A traditional search engine (e.g. Google and Bing Search),A traditional search engine (e.g. Google and Bing Search),A traditional search engine (e.g. Google and Bing Search),A traditional search engine (e.g. Google and Bing Search),A traditional search engine (e.g. Google and Bing Search),A traditional search engine (e.g. Google and Bing Search),A traditional search engine (e.g. Google and Bing Search),"Reliability of provided answers,Convenience of obtaining an answer",For the entertainment factor of interacting with the underlying technology
A traditional search engine (e.g. Google and Bing Search),A traditional search engine (e.g. Google and Bing Search),A traditional search engine (e.g. Google and Bing Search),A traditional search engine (e.g. Google and Bing Search),A traditional search engine (e.g. Google and Bing Search),A traditional search engine (e.g. Google and Bing Search),A traditional search engine (e.g. Google and Bing Search),"Reliability of provided answers,The variety of sources made available",Knowing where the answer comes from
A traditional search engine (e.g. Google and Bing Search),A traditional search engine (e.g. Google and Bing Search),A chatbot (e.g. ChatGPT and Claude),A traditional search engine (e.g. Google and Bing Search),A chatbot (e.g. ChatGPT and Claude),"A hybrid search engine and chatbot (e.g. Perplexity, Gemini, and CoPilot)",A traditional search engine (e.g. Google and Bing Search),"Convenience of obtaining an answer,The variety of sources made available",Seeking a highly personalized answer
A traditional search engine (e.g. Google and Bing Search),A traditional search engine (e.g. Google and Bing Search),A traditional search engine (e.g. Google and Bing Search),A traditional search engine (e.g. Google and Bing Search),A traditional search engine (e.g. Google and Bing Search),A traditional search engine (e.g. Google and Bing Search),A traditional search engine (e.g. Google and Bing Search),The variety of sources made available,Convenience of obtaining an answer
A traditional search engine (e.g. Google and Bing Search),A traditional search engine (e.g. Google and Bing Search),A traditional search engine (e.g. Google and Bing Search),A traditional search engine (e.g. Google and Bing Search),A traditional search engine (e.g. Google and Bing Search),A traditional search engine (e.g. Google and Bing Search),A traditional search engine (e.g. Google and Bing Search),"Reliability of provided answers,Knowing where the answer comes from,Seeking a highly personalized answer",For the entertainment factor of interacting with the underlying technology
"A traditional search engine (e.g. Google and Bing Search),A chatbot (e.g. ChatGPT and Claude)",A traditional search engine (e.g. Google and Bing Search),A chatbot (e.g. ChatGPT and Claude),A traditional search engine (e.g. Google and Bing Search),A chatbot (e.g. ChatGPT and Claude),A traditional search engine (e.g. Google and Bing Search),A chatbot (e.g. ChatGPT and Claude),"Reliability of provided answers,Knowing where the answer comes from,The variety of sources made available","Convenience of obtaining an answer,For the entertainment factor of interacting with the underlying technology,Seeking a highly personalized answer"
A traditional search engine (e.g. Google and Bing Search),A chatbot (e.g. ChatGPT and Claude),A traditional search engine (e.g. Google and Bing Search),A traditional search engine (e.g. Google and Bing Search),A traditional search engine (e.g. Google and Bing Search),A traditional search engine (e.g. Google and Bing Search),A traditional search engine (e.g. Google and Bing Search),"Reliability of provided answers,Convenience of obtaining an answer,The variety of sources made available",Knowing where the answer comes from
"A traditional search engine (e.g. Google and Bing Search),A hybrid search engine and chatbot (e.g. Perplexity, Gemini, and CoPilot)",A traditional search engine (e.g. Google and Bing Search),A traditional search engine (e.g. Google and Bing Search),A traditional search engine (e.g. Google and Bing Search),A chatbot (e.g. ChatGPT and Claude),A traditional search engine (e.g. Google and Bing Search),"A hybrid search engine and chatbot (e.g. Perplexity, Gemini, and CoPilot)","Reliability of provided answers,Knowing where the answer comes from,The variety of sources made available","Convenience of obtaining an answer,For the entertainment factor of interacting with the underlying technology"
"A traditional search engine (e.g. Google and Bing Search),A chatbot (e.g. ChatGPT and Claude)",A traditional search engine (e.g. Google and Bing Search),A traditional search engine (e.g. Google and Bing Search),A traditional search engine (e.g. Google and Bing Search),A traditional search engine (e.g. Google and Bing Search),A traditional search engine (e.g. Google and Bing Search),A traditional search engine (e.g. Google and Bing Search),"Reliability of provided answers,Convenience of obtaining an answer,Knowing where the answer comes from,The variety of sources made available","Convenience of obtaining an answer,The variety of sources made available"
"A traditional search engine (e.g. Google and Bing Search),A chatbot (e.g. ChatGPT and Claude)",A traditional search engine (e.g. Google and Bing Search),A traditional search engine (e.g. Google and Bing Search),A traditional search engine (e.g. Google and Bing Search),A traditional search engine (e.g. Google and Bing Search),A traditional search engine (e.g. Google and Bing Search),A traditional search engine (e.g. Google and Bing Search),"Reliability of provided answers,Knowing where the answer comes from,The variety of sources made available",For the entertainment factor of interacting with the underlying technology
"A traditional search engine (e.g. Google and Bing Search),A hybrid search engine and chatbot (e.g. Perplexity, Gemini, and CoPilot),A chatbot (e.g. ChatGPT and Claude)",A chatbot (e.g. ChatGPT and Claude),A chatbot (e.g. ChatGPT and Claude),"A hybrid search engine and chatbot (e.g. Perplexity, Gemini, and CoPilot)",A chatbot (e.g. ChatGPT and Claude),"A hybrid search engine and chatbot (e.g. Perplexity, Gemini, and CoPilot)",A chatbot (e.g. ChatGPT and Claude),"Convenience of obtaining an answer,The variety of sources made available","For the entertainment factor of interacting with the underlying technology,Seeking a highly personalized answer"
"A traditional search engine (e.g. Google and Bing Search),A chatbot (e.g. ChatGPT and Claude)",A traditional search engine (e.g. Google and Bing Search),A traditional search engine (e.g. Google and Bing Search),A traditional search engine (e.g. Google and Bing Search),A chatbot (e.g. ChatGPT and Claude),A traditional search engine (e.g. Google and Bing Search),A chatbot (e.g. ChatGPT and Claude),"Convenience of obtaining an answer,Knowing where the answer comes from,The variety of sources made available",Seeking a highly personalized answer
"A traditional search engine (e.g. Google and Bing Search),A hybrid search engine and chatbot (e.g. Perplexity, Gemini, and CoPilot),A chatbot (e.g. ChatGPT and Claude)",A traditional search engine (e.g. Google and Bing Search),A chatbot (e.g. ChatGPT and Claude),A traditional search engine (e.g. Google and Bing Search),A chatbot (e.g. ChatGPT and Claude),A traditional search engine (e.g. Google and Bing Search),A chatbot (e.g. ChatGPT and Claude),"Reliability of provided answers,Knowing where the answer comes from,The variety of sources made available","For the entertainment factor of interacting with the underlying technology,Seeking a highly personalized answer"
A traditional search engine (e.g. Google and Bing Search),A traditional search engine (e.g. Google and Bing Search),A traditional search engine (e.g. Google and Bing Search),A traditional search engine (e.g. Google and Bing Search),A traditional search engine (e.g. Google and Bing Search),A traditional search engine (e.g. Google and Bing Search),A traditional search engine (e.g. Google and Bing Search),"Reliability of provided answers,Convenience of obtaining an answer,The variety of sources made available",For the entertainment factor of interacting with the underlying technology
A traditional search engine (e.g. Google and Bing Search),A traditional search engine (e.g. Google and Bing Search),A traditional search engine (e.g. Google and Bing Search),A traditional search engine (e.g. Google and Bing Search),A traditional search engine (e.g. Google and Bing Search),A traditional search engine (e.g. Google and Bing Search),A traditional search engine (e.g. Google and Bing Search),"Reliability of provided answers,Knowing where the answer comes from","Reliability of provided answers,Knowing where the answer comes from"
A traditional search engine (e.g. Google and Bing Search),A traditional search engine (e.g. Google and Bing Search),A traditional search engine (e.g. Google and Bing Search),A traditional search engine (e.g. Google and Bing Search),A traditional search engine (e.g. Google and Bing Search),A traditional search engine (e.g. Google and Bing Search),A traditional search engine (e.g. Google and Bing Search),Knowing where the answer comes from,For the entertainment factor of interacting with the underlying technology
A traditional search engine (e.g. Google and Bing Search),A traditional search engine (e.g. Google and Bing Search),A traditional search engine (e.g. Google and Bing Search),A traditional search engine (e.g. Google and Bing Search),A traditional search engine (e.g. Google and Bing Search),A traditional search engine (e.g. Google and Bing Search),A chatbot (e.g. ChatGPT and Claude),The variety of sources made available,Seeking a highly personalized answer
"A traditional search engine (e.g. Google and Bing Search),A chatbot (e.g. ChatGPT and Claude)",A traditional search engine (e.g. Google and Bing Search),A traditional search engine (e.g. Google and Bing Search),A traditional search engine (e.g. Google and Bing Search),A chatbot (e.g. ChatGPT and Claude),A traditional search engine (e.g. Google and Bing Search),A chatbot (e.g. ChatGPT and Claude),Knowing where the answer comes from,"Convenience of obtaining an answer,Seeking a highly personalized answer"
A traditional search engine (e.g. Google and Bing Search),A traditional search engine (e.g. Google and Bing Search),A traditional search engine (e.g. Google and Bing Search),A traditional search engine (e.g. Google and Bing Search),A traditional search engine (e.g. Google and Bing Search),A traditional search engine (e.g. Google and Bing Search),A traditional search engine (e.g. Google and Bing Search),"Reliability of provided answers,Convenience of obtaining an answer,Knowing where the answer comes from,The variety of sources made available",For the entertainment factor of interacting with the underlying technology
"A traditional search engine (e.g. Google and Bing Search),A chatbot (e.g. ChatGPT and Claude)",A traditional search engine (e.g. Google and Bing Search),A traditional search engine (e.g. Google and Bing Search),A traditional search engine (e.g. Google and Bing Search),A traditional search engine (e.g. Google and Bing Search),A traditional search engine (e.g. Google and Bing Search),"A hybrid search engine and chatbot (e.g. Perplexity, Gemini, and CoPilot)",Reliability of provided answers,For the entertainment factor of interacting with the underlying technology
A traditional search engine (e.g. Google and Bing Search),A traditional search engine (e.g. Google and Bing Search),A traditional search engine (e.g. Google and Bing Search),A traditional search engine (e.g. Google and Bing Search),A traditional search engine (e.g. Google and Bing Search),A traditional search engine (e.g. Google and Bing Search),"A hybrid search engine and chatbot (e.g. Perplexity, Gemini, and CoPilot)",Knowing where the answer comes from,Convenience of obtaining an answer
"A traditional search engine (e.g. Google and Bing Search),A chatbot (e.g. ChatGPT and Claude)",A traditional search engine (e.g. Google and Bing Search),A traditional search engine (e.g. Google and Bing Search),A traditional search engine (e.g. Google and Bing Search),A traditional search engine (e.g. Google and Bing Search),A traditional search engine (e.g. Google and Bing Search),A traditional search engine (e.g. Google and Bing Search),"Reliability of provided answers,Convenience of obtaining an answer",For the entertainment factor of interacting with the underlying technology
"A traditional search engine (e.g. Google and Bing Search),A hybrid search engine and chatbot (e.g. Perplexity, Gemini, and CoPilot),A chatbot (e.g. ChatGPT and Claude)",A traditional search engine (e.g. Google and Bing Search),A traditional search engine (e.g. Google and Bing Search),A traditional search engine (e.g. Google and Bing Search),A chatbot (e.g. ChatGPT and Claude),A traditional search engine (e.g. Google and Bing Search),A chatbot (e.g. ChatGPT and Claude),"Reliability of provided answers,Convenience of obtaining an answer,Knowing where the answer comes from,The variety of sources made available","Convenience of obtaining an answer,For the entertainment factor of interacting with the underlying technology"
"A traditional search engine (e.g. Google and Bing Search),A hybrid search engine and chatbot (e.g. Perplexity, Gemini, and CoPilot),A chatbot (e.g. ChatGPT and Claude)",A chatbot (e.g. ChatGPT and Claude),A chatbot (e.g. ChatGPT and Claude),"A hybrid search engine and chatbot (e.g. Perplexity, Gemini, and CoPilot)",A chatbot (e.g. ChatGPT and Claude),A chatbot (e.g. ChatGPT and Claude),A chatbot (e.g. ChatGPT and Claude),Knowing where the answer comes from,The variety of sources made available
"A traditional search engine (e.g. Google and Bing Search),A hybrid search engine and chatbot (e.g. Perplexity, Gemini, and CoPilot),A chatbot (e.g. ChatGPT and Claude)",A traditional search engine (e.g. Google and Bing Search),A traditional search engine (e.g. Google and Bing Search),A traditional search engine (e.g. Google and Bing Search),"A hybrid search engine and chatbot (e.g. Perplexity, Gemini, and CoPilot)",A traditional search engine (e.g. Google and Bing Search),A chatbot (e.g. ChatGPT and Claude),"Reliability of provided answers,Knowing where the answer comes from","For the entertainment factor of interacting with the underlying technology,Seeking a highly personalized answer"
A traditional search engine (e.g. Google and Bing Search),A traditional search engine (e.g. Google and Bing Search),A traditional search engine (e.g. Google and Bing Search),A traditional search engine (e.g. Google and Bing Search),A traditional search engine (e.g. Google and Bing Search),A traditional search engine (e.g. Google and Bing Search),A chatbot (e.g. ChatGPT and Claude),"Reliability of provided answers,Knowing where the answer comes from",For the entertainment factor of interacting with the underlying technology
A traditional search engine (e.g. Google and Bing Search),A traditional search engine (e.g. Google and Bing Search),A traditional search engine (e.g. Google and Bing Search),A traditional search engine (e.g. Google and Bing Search),A traditional search engine (e.g. Google and Bing Search),A traditional search engine (e.g. Google and Bing Search),A traditional search engine (e.g. Google and Bing Search),"Reliability of provided answers,Convenience of obtaining an answer,Knowing where the answer comes from",For the entertainment factor of interacting with the underlying technology
"A traditional search engine (e.g. Google and Bing Search),A chatbot (e.g. ChatGPT and Claude)",A traditional search engine (e.g. Google and Bing Search),A traditional search engine (e.g. Google and Bing Search),A traditional search engine (e.g. Google and Bing Search),A traditional search engine (e.g. Google and Bing Search),A traditional search engine (e.g. Google and Bing Search),A traditional search engine (e.g. Google and Bing Search),"Reliability of provided answers,Convenience of obtaining an answer,The variety of sources made available",For the entertainment factor of interacting with the underlying technology
"A traditional search engine (e.g. Google and Bing Search),A chatbot (e.g. ChatGPT and Claude)",A traditional search engine (e.g. Google and Bing Search),A traditional search engine (e.g. Google and Bing Search),A traditional search engine (e.g. Google and Bing Search),A traditional search engine (e.g. Google and Bing Search),A traditional search engine (e.g. Google and Bing Search),A traditional search engine (e.g. Google and Bing Search),The variety of sources made available,Convenience of obtaining an answer
"A traditional search engine (e.g. Google and Bing Search),A hybrid search engine and chatbot (e.g. Perplexity, Gemini, and CoPilot),A chatbot (e.g. ChatGPT and Claude)",A chatbot (e.g. ChatGPT and Claude),A traditional search engine (e.g. Google and Bing Search),A traditional search engine (e.g. Google and Bing Search),A traditional search engine (e.g. Google and Bing Search),A traditional search engine (e.g. Google and Bing Search),A chatbot (e.g. ChatGPT and Claude),"Knowing where the answer comes from,The variety of sources made available",Seeking a highly personalized answer
