uuid,annotator_id,human_fluency_rating,human_utility_rating,op,query_id,t2v_precision,t2v_coverage,timestamp,precise_citations,is_covered
22,6BBinbmBretqjJt,2,2,Quoted,241,,,2024-09-16 23:49:19.238887+00,,
23,6BBinbmBretqjJt,1,2,Snippet,242,,,2024-09-16 23:49:42.174709+00,,
24,6BBinbmBretqjJt,3,3,Entailed,243,,,2024-09-16 23:49:54.510783+00,,
25,6BBinbmBretqjJt,3,3,Post Hoc,244,,,2024-09-16 23:50:21.701314+00,,
26,6BBinbmBretqjJt,3,2,Paraphrased,245,,,2024-09-16 23:50:57.222425+00,,
27,6BBinbmBretqjJt,3,3,Gemini,246,,,2024-09-16 23:51:21.619097+00,,
28,6BBinbmBretqjJt,3,3,Abstractive,247,,,2024-09-16 23:51:32.942587+00,,
29,6BBinbmBretqjJt,3,3,Entailed,248,,,2024-09-16 23:54:39.831162+00,,
30,6BBinbmBretqjJt,3,3,Quoted,249,,,2024-09-16 23:54:57.738012+00,,
31,6BBinbmBretqjJt,2,2,Abstractive,250,,,2024-09-16 23:55:45.516562+00,,
32,6BBinbmBretqjJt,3,3,Post Hoc,251,,,2024-09-16 23:56:01.619545+00,,
33,6BBinbmBretqjJt,3,3,Gemini,252,,,2024-09-16 23:56:21.217485+00,,
34,6BBinbmBretqjJt,2,1,Paraphrased,253,,,2024-09-16 23:56:50.878275+00,,
35,6BBinbmBretqjJt,3,3,Snippet,254,,,2024-09-16 23:57:25.747892+00,,
36,fSHVkyHSnBk9wvF,3,3,Abstractive,241,,,2024-09-17 00:51:00.523204+00,,
37,6BBinbmBretqjJt,2,2,Quoted,255,,,2024-09-17 00:52:04.774268+00,,
38,6BBinbmBretqjJt,3,3,Snippet,256,,,2024-09-17 00:52:24.337492+00,,
39,6BBinbmBretqjJt,3,3,Post Hoc,257,,,2024-09-17 00:52:51.491755+00,,
40,fSHVkyHSnBk9wvF,3,3,Post Hoc,242,,,2024-09-17 00:53:13.621413+00,,
41,6BBinbmBretqjJt,3,2,Paraphrased,258,,,2024-09-17 00:53:32.639753+00,,
42,fSHVkyHSnBk9wvF,3,3,Paraphrased,243,,,2024-09-17 00:53:34.992362+00,,
43,6BBinbmBretqjJt,2,2,Abstractive,260,,,2024-09-17 00:54:08.01088+00,,
44,6BBinbmBretqjJt,3,3,Gemini,262,,,2024-09-17 00:54:34.931653+00,,
45,6BBinbmBretqjJt,3,2,Entailed,263,,,2024-09-17 00:54:48.059143+00,,
46,fSHVkyHSnBk9wvF,3,1,Snippet,244,,,2024-09-17 00:55:48.024528+00,,
47,6BBinbmBretqjJt,3,3,Post Hoc,264,,,2024-09-17 00:55:58.37385+00,,
48,fSHVkyHSnBk9wvF,3,3,Entailed,245,,,2024-09-17 00:56:01.725502+00,,
49,6BBinbmBretqjJt,3,3,Snippet,265,,,2024-09-17 00:56:16.702083+00,,
50,6BBinbmBretqjJt,3,3,Entailed,266,,,2024-09-17 00:56:26.019332+00,,
51,fSHVkyHSnBk9wvF,3,3,Quoted,246,,,2024-09-17 00:56:35.615952+00,,
52,6BBinbmBretqjJt,3,3,Paraphrased,267,,,2024-09-17 00:56:43.144054+00,,
53,6BBinbmBretqjJt,3,3,Quoted,269,,,2024-09-17 00:56:54.955912+00,,
54,fSHVkyHSnBk9wvF,3,3,Gemini,247,,,2024-09-17 00:57:14.110841+00,,
55,6BBinbmBretqjJt,3,2,Abstractive,271,,,2024-09-17 00:57:18.487575+00,,
56,6BBinbmBretqjJt,3,2,Gemini,272,,,2024-09-17 00:58:04.113313+00,,
57,fSHVkyHSnBk9wvF,3,1,Snippet,248,,,2024-09-17 00:59:07.661956+00,,
58,fSHVkyHSnBk9wvF,3,3,Gemini,249,,,2024-09-17 00:59:39.283214+00,,
59,6BBinbmBretqjJt,3,3,Post Hoc,273,,,2024-09-17 01:00:07.640396+00,,
60,6BBinbmBretqjJt,3,3,Entailed,274,,,2024-09-17 01:00:24.602294+00,,
61,fSHVkyHSnBk9wvF,3,3,Paraphrased,250,,,2024-09-17 01:00:25.01043+00,,
62,fSHVkyHSnBk9wvF,3,3,Abstractive,251,,,2024-09-17 01:01:01.212771+00,,
63,fSHVkyHSnBk9wvF,3,3,Post Hoc,252,,,2024-09-17 01:01:13.785045+00,,
64,fSHVkyHSnBk9wvF,3,1,Quoted,253,,,2024-09-17 01:01:31.040755+00,,
65,6BBinbmBretqjJt,3,2,Paraphrased,275,,,2024-09-17 01:01:47.005961+00,,
66,fSHVkyHSnBk9wvF,3,2,Entailed,254,,,2024-09-17 01:01:55.697996+00,,
67,6BBinbmBretqjJt,3,3,Quoted,276,,,2024-09-17 01:03:02.703614+00,,
68,fSHVkyHSnBk9wvF,3,3,Entailed,255,,,2024-09-17 01:03:42.800728+00,,
69,6BBinbmBretqjJt,3,2,Gemini,279,,,2024-09-17 01:03:46.347462+00,,
70,fSHVkyHSnBk9wvF,3,3,Abstractive,256,,,2024-09-17 01:04:07.7418+00,,
71,6BBinbmBretqjJt,3,3,Snippet,280,,,2024-09-17 01:04:10.14676+00,,
72,fSHVkyHSnBk9wvF,3,3,Gemini,257,,,2024-09-17 01:04:34.467165+00,,
73,fSHVkyHSnBk9wvF,3,1,Snippet,258,,,2024-09-17 01:04:52.2093+00,,
74,6BBinbmBretqjJt,3,2,Abstractive,281,,,2024-09-17 01:04:52.637562+00,,
75,fSHVkyHSnBk9wvF,3,3,Quoted,260,,,2024-09-17 01:05:01.004167+00,,
76,fSHVkyHSnBk9wvF,3,1,Paraphrased,262,,,2024-09-17 01:05:14.066106+00,,
77,fSHVkyHSnBk9wvF,3,3,Post Hoc,263,,,2024-09-17 01:05:31.215405+00,,
78,6BBinbmBretqjJt,3,2,Snippet,282,,,2024-09-17 01:05:49.522885+00,,
79,6BBinbmBretqjJt,3,1,Quoted,283,,,2024-09-17 01:06:00.878339+00,,
80,6BBinbmBretqjJt,3,3,Gemini,284,,,2024-09-17 01:06:16.595527+00,,
81,6BBinbmBretqjJt,3,3,Abstractive,285,,,2024-09-17 01:06:29.528608+00,,
82,6BBinbmBretqjJt,3,3,Post Hoc,286,,,2024-09-17 01:07:04.04463+00,,
83,6BBinbmBretqjJt,3,3,Paraphrased,287,,,2024-09-17 01:07:14.712854+00,,
84,6BBinbmBretqjJt,3,3,Entailed,288,,,2024-09-17 01:07:30.445839+00,,
85,lCEp5abdrghSE78,3,3,Paraphrased,241,,,2024-09-17 01:24:28.56674+00,,
86,lCEp5abdrghSE78,1,1,Quoted,242,,,2024-09-17 01:25:52.042195+00,,
87,lCEp5abdrghSE78,3,3,Post Hoc,243,,,2024-09-17 01:26:23.5124+00,,
88,lCEp5abdrghSE78,3,3,Gemini,244,,,2024-09-17 01:26:57.402535+00,,
89,lCEp5abdrghSE78,1,1,Snippet,245,,,2024-09-17 01:28:33.339252+00,,
90,lCEp5abdrghSE78,3,3,Entailed,246,,,2024-09-17 01:29:30.97762+00,,
91,lCEp5abdrghSE78,3,3,Abstractive,248,,,2024-09-17 01:29:54.745495+00,,
92,fSHVkyHSnBk9wvF,3,3,Entailed,264,,,2024-09-17 18:06:26.13146+00,,
93,DO1DhOd0kwIHrgb,3,3,Snippet,241,,,2024-09-17 18:07:34.694382+00,,
94,DO1DhOd0kwIHrgb,3,3,Paraphrased,242,,,2024-09-17 18:07:43.073481+00,,
95,DO1DhOd0kwIHrgb,3,3,Quoted,243,,,2024-09-17 18:07:52.912442+00,,
96,DO1DhOd0kwIHrgb,3,3,Entailed,244,,,2024-09-17 18:07:59.657189+00,,
97,fSHVkyHSnBk9wvF,3,3,Gemini,265,,,2024-09-17 18:08:13.273939+00,,
98,DO1DhOd0kwIHrgb,3,2,Abstractive,245,,,2024-09-17 18:08:15.995507+00,,
99,DO1DhOd0kwIHrgb,3,3,Post Hoc,246,,,2024-09-17 18:08:24.63987+00,,
100,DO1DhOd0kwIHrgb,2,2,Gemini,248,,,2024-09-17 18:08:40.992914+00,,
101,fSHVkyHSnBk9wvF,3,3,Post Hoc,266,,,2024-09-17 18:08:42.795926+00,,
102,GtOfZ643zgjE0av,2,3,Entailed,241,,,2024-09-17 18:09:00.389633+00,,
103,fSHVkyHSnBk9wvF,3,3,Quoted,267,,,2024-09-17 18:09:05.632699+00,,
104,cDes1aVDZIV9RhP,3,3,Post Hoc,241,,,2024-09-17 18:09:24.815855+00,,
105,GtOfZ643zgjE0av,2,3,Abstractive,242,,,2024-09-17 18:09:34.877338+00,,
106,fSHVkyHSnBk9wvF,2,1,Snippet,269,,,2024-09-17 18:09:42.793823+00,,
107,cDes1aVDZIV9RhP,3,3,Gemini,242,,,2024-09-17 18:09:46.644969+00,,
108,GtOfZ643zgjE0av,3,3,Gemini,243,,,2024-09-17 18:09:51.418775+00,,
109,cDes1aVDZIV9RhP,3,3,Abstractive,243,,,2024-09-17 18:09:57.857037+00,,
110,fSHVkyHSnBk9wvF,3,1,Paraphrased,271,,,2024-09-17 18:10:03.846049+00,,
111,cDes1aVDZIV9RhP,3,3,Paraphrased,244,,,2024-09-17 18:10:08.877498+00,,
112,DO1DhOd0kwIHrgb,3,3,Quoted,247,,,2024-09-17 18:10:21.135571+00,,
113,GtOfZ643zgjE0av,2,3,Quoted,244,,,2024-09-17 18:10:24.420815+00,,
114,DO1DhOd0kwIHrgb,3,3,Post Hoc,249,,,2024-09-17 18:10:27.189569+00,,
115,fSHVkyHSnBk9wvF,3,3,Abstractive,272,,,2024-09-17 18:10:31.388335+00,,
116,DO1DhOd0kwIHrgb,3,3,Entailed,250,,,2024-09-17 18:10:33.678817+00,,
117,GtOfZ643zgjE0av,3,3,Post Hoc,245,,,2024-09-17 18:10:45.888388+00,,
118,DO1DhOd0kwIHrgb,1,2,Snippet,251,,,2024-09-17 18:11:07.574694+00,,
119,cDes1aVDZIV9RhP,3,1,Quoted,245,,,2024-09-17 18:11:08.171191+00,,
120,GtOfZ643zgjE0av,2,3,Paraphrased,246,,,2024-09-17 18:11:15.901201+00,,
121,GtOfZ643zgjE0av,-1,-1,Snippet,247,,,2024-09-17 18:11:16.164821+00,,
122,DO1DhOd0kwIHrgb,3,3,Paraphrased,252,,,2024-09-17 18:11:17.661114+00,,
123,cDes1aVDZIV9RhP,1,1,Snippet,246,,,2024-09-17 18:11:19.619245+00,,
124,DO1DhOd0kwIHrgb,3,3,Abstractive,253,,,2024-09-17 18:11:23.306028+00,,
125,DO1DhOd0kwIHrgb,3,2,Gemini,254,,,2024-09-17 18:11:31.590916+00,,
126,cDes1aVDZIV9RhP,2,3,Entailed,247,,,2024-09-17 18:11:39.114392+00,,
127,fSHVkyHSnBk9wvF,3,1,Snippet,273,,,2024-09-17 18:11:45.470785+00,,
128,cDes1aVDZIV9RhP,3,3,Post Hoc,248,,,2024-09-17 18:12:16.002192+00,,
129,GtOfZ643zgjE0av,3,3,Quoted,248,,,2024-09-17 18:12:20.780475+00,,
130,cDes1aVDZIV9RhP,3,3,Abstractive,249,,,2024-09-17 18:12:40.660353+00,,
131,cDes1aVDZIV9RhP,3,2,Gemini,250,,,2024-09-17 18:12:57.772898+00,,
132,fSHVkyHSnBk9wvF,3,3,Paraphrased,274,,,2024-09-17 18:12:57.86914+00,,
133,GtOfZ643zgjE0av,2,1,Snippet,249,,,2024-09-17 18:13:00.156582+00,,
134,DO1DhOd0kwIHrgb,3,3,Paraphrased,255,,,2024-09-17 18:13:04.793813+00,,
135,DO1DhOd0kwIHrgb,3,3,Post Hoc,256,,,2024-09-17 18:13:10.55438+00,,
136,cDes1aVDZIV9RhP,3,3,Paraphrased,251,,,2024-09-17 18:13:16.041856+00,,
137,DO1DhOd0kwIHrgb,3,3,Entailed,257,,,2024-09-17 18:13:17.650771+00,,
138,GtOfZ643zgjE0av,2,3,Post Hoc,250,,,2024-09-17 18:13:30.763469+00,,
139,cDes1aVDZIV9RhP,2,3,Entailed,252,,,2024-09-17 18:13:32.993048+00,,
140,DO1DhOd0kwIHrgb,2,3,Gemini,258,,,2024-09-17 18:13:34.698338+00,,
141,GtOfZ643zgjE0av,3,3,Entailed,251,,,2024-09-17 18:13:43.286421+00,,
142,DO1DhOd0kwIHrgb,2,1,Snippet,260,,,2024-09-17 18:13:51.571614+00,,
143,cDes1aVDZIV9RhP,1,1,Snippet,253,,,2024-09-17 18:13:55.376228+00,,
144,DO1DhOd0kwIHrgb,3,3,Abstractive,262,,,2024-09-17 18:13:58.099117+00,,
145,fSHVkyHSnBk9wvF,3,3,Post Hoc,275,,,2024-09-17 18:13:59.59921+00,,
146,GtOfZ643zgjE0av,3,3,Abstractive,252,,,2024-09-17 18:14:02.147642+00,,
147,DO1DhOd0kwIHrgb,2,3,Quoted,263,,,2024-09-17 18:14:09.65878+00,,
148,cDes1aVDZIV9RhP,2,2,Quoted,254,,,2024-09-17 18:14:26.238816+00,,
149,GtOfZ643zgjE0av,3,3,Gemini,253,,,2024-09-17 18:14:30.936581+00,,
150,GtOfZ643zgjE0av,3,3,Paraphrased,254,,,2024-09-17 18:14:46.744184+00,,
151,eQBKoJjNAPP7V6Z,3,3,Gemini,241,,,2024-09-17 18:14:54.265379+00,,
152,fSHVkyHSnBk9wvF,3,3,Gemini,276,,,2024-09-17 18:14:55.974185+00,,
153,eQBKoJjNAPP7V6Z,3,3,Entailed,242,,,2024-09-17 18:15:07.41457+00,,
154,eQBKoJjNAPP7V6Z,-1,-1,Snippet,243,,,2024-09-17 18:15:07.685531+00,,
155,cDes1aVDZIV9RhP,3,3,Post Hoc,255,,,2024-09-17 18:15:08.037559+00,,
156,eQBKoJjNAPP7V6Z,3,3,Abstractive,244,,,2024-09-17 18:15:20.904376+00,,
157,DO1DhOd0kwIHrgb,2,1,Snippet,264,,,2024-09-17 18:15:21.656425+00,,
158,fSHVkyHSnBk9wvF,3,3,Entailed,279,,,2024-09-17 18:15:26.099605+00,,
159,DO1DhOd0kwIHrgb,3,3,Entailed,265,,,2024-09-17 18:15:29.133447+00,,
160,eQBKoJjNAPP7V6Z,3,2,Paraphrased,247,,,2024-09-17 18:15:34.411308+00,,
161,DO1DhOd0kwIHrgb,3,3,Quoted,266,,,2024-09-17 18:15:37.034798+00,,
162,GtOfZ643zgjE0av,1,1,Snippet,255,,,2024-09-17 18:15:46.772377+00,,
163,DO1DhOd0kwIHrgb,3,3,Gemini,267,,,2024-09-17 18:15:47.271302+00,,
164,DO1DhOd0kwIHrgb,3,3,Abstractive,269,,,2024-09-17 18:15:53.882108+00,,
165,eQBKoJjNAPP7V6Z,3,2,Quoted,250,,,2024-09-17 18:15:57.711539+00,,
166,GtOfZ643zgjE0av,3,3,Paraphrased,256,,,2024-09-17 18:16:02.30116+00,,
167,DO1DhOd0kwIHrgb,3,3,Post Hoc,271,,,2024-09-17 18:16:04.253953+00,,
168,DO1DhOd0kwIHrgb,3,3,Paraphrased,272,,,2024-09-17 18:16:15.221724+00,,
169,eQBKoJjNAPP7V6Z,3,3,Post Hoc,253,,,2024-09-17 18:16:18.273032+00,,
170,GtOfZ643zgjE0av,1,2,Quoted,257,,,2024-09-17 18:16:27.533778+00,,
171,GtOfZ643zgjE0av,3,3,Abstractive,258,,,2024-09-17 18:16:41.982267+00,,
172,cDes1aVDZIV9RhP,3,3,Quoted,256,,,2024-09-17 18:16:52.332975+00,,
173,GtOfZ643zgjE0av,3,3,Entailed,260,,,2024-09-17 18:16:57.436798+00,,
174,eQBKoJjNAPP7V6Z,3,1,Gemini,245,,,2024-09-17 18:16:57.975177+00,,
175,cDes1aVDZIV9RhP,3,3,Abstractive,257,,,2024-09-17 18:16:59.249524+00,,
176,GtOfZ643zgjE0av,3,3,Post Hoc,262,,,2024-09-17 18:17:17.065816+00,,
177,DO1DhOd0kwIHrgb,3,3,Paraphrased,273,,,2024-09-17 18:17:18.651446+00,,
178,eQBKoJjNAPP7V6Z,3,1,Abstractive,246,,,2024-09-17 18:17:21.434952+00,,
179,cDes1aVDZIV9RhP,2,2,Entailed,258,,,2024-09-17 18:17:22.699879+00,,
180,DO1DhOd0kwIHrgb,3,3,Quoted,274,,,2024-09-17 18:17:25.716328+00,,
181,fSHVkyHSnBk9wvF,3,3,Abstractive,280,,,2024-09-17 18:17:32.686554+00,,
182,GtOfZ643zgjE0av,3,3,Gemini,263,,,2024-09-17 18:17:32.689552+00,,
183,DO1DhOd0kwIHrgb,3,2,Entailed,275,,,2024-09-17 18:17:35.05985+00,,
184,cDes1aVDZIV9RhP,3,3,Gemini,260,,,2024-09-17 18:17:36.914418+00,,
185,eQBKoJjNAPP7V6Z,3,3,Paraphrased,248,,,2024-09-17 18:17:37.244939+00,,
186,DO1DhOd0kwIHrgb,3,3,Post Hoc,276,,,2024-09-17 18:17:41.916894+00,,
187,fSHVkyHSnBk9wvF,3,3,Quoted,281,,,2024-09-17 18:17:52.363406+00,,
188,cDes1aVDZIV9RhP,2,1,Snippet,262,,,2024-09-17 18:18:09.528728+00,,
189,eQBKoJjNAPP7V6Z,3,3,Entailed,249,,,2024-09-17 18:18:15.383+00,,
190,DO1DhOd0kwIHrgb,2,1,Snippet,279,,,2024-09-17 18:18:22.785178+00,,
191,eQBKoJjNAPP7V6Z,3,3,Quoted,251,,,2024-09-17 18:18:26.434336+00,,
192,DO1DhOd0kwIHrgb,2,3,Gemini,280,,,2024-09-17 18:18:30.592717+00,,
193,DO1DhOd0kwIHrgb,3,3,Abstractive,282,,,2024-09-17 18:18:36.027959+00,,
194,GtOfZ643zgjE0av,2,2,Quoted,264,,,2024-09-17 18:18:45.639476+00,,
195,cDes1aVDZIV9RhP,2,3,Paraphrased,263,,,2024-09-17 18:18:45.924001+00,,
196,eQBKoJjNAPP7V6Z,2,1,Snippet,252,,,2024-09-17 18:19:06.754639+00,,
197,GtOfZ643zgjE0av,2,3,Paraphrased,265,,,2024-09-17 18:19:15.366103+00,,
198,fSHVkyHSnBk9wvF,3,3,Gemini,282,,,2024-09-17 18:19:33.088945+00,,
199,eQBKoJjNAPP7V6Z,3,2,Post Hoc,254,,,2024-09-17 18:19:38.495597+00,,
200,GtOfZ643zgjE0av,1,1,Snippet,266,,,2024-09-17 18:19:48.090591+00,,
201,cDes1aVDZIV9RhP,2,3,Abstractive,264,,,2024-09-17 18:19:58.49927+00,,
202,fSHVkyHSnBk9wvF,3,3,Post Hoc,283,,,2024-09-17 18:20:08.428081+00,,
203,eQBKoJjNAPP7V6Z,3,3,Gemini,255,,,2024-09-17 18:20:13.138631+00,,
204,GtOfZ643zgjE0av,3,2,Entailed,267,,,2024-09-17 18:20:16.327555+00,,
205,cDes1aVDZIV9RhP,1,2,Quoted,265,,,2024-09-17 18:20:26.880149+00,,
206,GtOfZ643zgjE0av,3,3,Post Hoc,269,,,2024-09-17 18:20:28.21481+00,,
207,eQBKoJjNAPP7V6Z,3,3,Entailed,256,,,2024-09-17 18:20:37.839623+00,,
208,cDes1aVDZIV9RhP,3,3,Gemini,266,,,2024-09-17 18:20:51.063991+00,,
209,GtOfZ643zgjE0av,3,3,Gemini,271,,,2024-09-17 18:20:55.737662+00,,
210,cDes1aVDZIV9RhP,3,3,Post Hoc,267,,,2024-09-17 18:21:01.328852+00,,
211,GtOfZ643zgjE0av,3,3,Abstractive,273,,,2024-09-17 18:21:08.11046+00,,
212,DO1DhOd0kwIHrgb,3,3,Gemini,281,,,2024-09-17 18:21:11.12122+00,,
213,cDes1aVDZIV9RhP,3,3,Paraphrased,269,,,2024-09-17 18:21:14.738267+00,,
214,eQBKoJjNAPP7V6Z,3,3,Paraphrased,257,,,2024-09-17 18:21:28.892391+00,,
215,cDes1aVDZIV9RhP,3,1,Entailed,271,,,2024-09-17 18:21:30.382918+00,,
216,fSHVkyHSnBk9wvF,3,3,Paraphrased,284,,,2024-09-17 18:21:36.986812+00,,
217,eQBKoJjNAPP7V6Z,3,3,Post Hoc,258,,,2024-09-17 18:21:45.12645+00,,
218,cDes1aVDZIV9RhP,3,1,Snippet,272,,,2024-09-17 18:21:48.001574+00,,
219,DO1DhOd0kwIHrgb,1,1,Snippet,283,,,2024-09-17 18:21:54.277983+00,,
220,fSHVkyHSnBk9wvF,3,3,Entailed,285,,,2024-09-17 18:21:59.764543+00,,
221,DO1DhOd0kwIHrgb,3,3,Entailed,284,,,2024-09-17 18:21:59.837416+00,,
222,GtOfZ643zgjE0av,3,3,Post Hoc,272,,,2024-09-17 18:22:00.237794+00,,
223,GtOfZ643zgjE0av,3,3,Gemini,274,,,2024-09-17 18:22:18.89088+00,,
224,DO1DhOd0kwIHrgb,2,2,Quoted,285,,,2024-09-17 18:22:18.981919+00,,
225,DO1DhOd0kwIHrgb,3,3,Paraphrased,286,,,2024-09-17 18:22:25.257186+00,,
226,DO1DhOd0kwIHrgb,3,3,Abstractive,287,,,2024-09-17 18:22:30.853239+00,,
227,GtOfZ643zgjE0av,3,3,Abstractive,275,,,2024-09-17 18:22:33.545801+00,,
228,DO1DhOd0kwIHrgb,3,3,Post Hoc,288,,,2024-09-17 18:22:37.445327+00,,
229,eQBKoJjNAPP7V6Z,3,1,Quoted,262,,,2024-09-17 18:22:47.981127+00,,
230,GtOfZ643zgjE0av,3,3,Entailed,276,,,2024-09-17 18:22:51.197228+00,,
231,DO1DhOd0kwIHrgb,3,3,Quoted,289,,,2024-09-17 18:23:01.156472+00,,
232,eQBKoJjNAPP7V6Z,1,1,Snippet,263,,,2024-09-17 18:23:06.22188+00,,
233,DO1DhOd0kwIHrgb,1,1,Snippet,290,,,2024-09-17 18:23:14.527504+00,,
234,DO1DhOd0kwIHrgb,3,2,Paraphrased,292,,,2024-09-17 18:23:21.02835+00,,
235,GtOfZ643zgjE0av,1,1,Quoted,279,,,2024-09-17 18:23:23.833318+00,,
236,DO1DhOd0kwIHrgb,3,3,Abstractive,293,,,2024-09-17 18:23:28.072825+00,,
237,KHdznSlY7WjzguP,3,3,Post Hoc,247,,,2024-09-17 18:23:28.693673+00,,
238,eQBKoJjNAPP7V6Z,3,3,Abstractive,265,,,2024-09-17 18:23:34.729757+00,,
239,fSHVkyHSnBk9wvF,3,3,Abstractive,286,,,2024-09-17 18:23:40.31285+00,,
240,DO1DhOd0kwIHrgb,3,3,Gemini,294,,,2024-09-17 18:23:43.32488+00,,
241,GtOfZ643zgjE0av,3,3,Paraphrased,280,,,2024-09-17 18:23:44.838315+00,,
242,DO1DhOd0kwIHrgb,3,3,Entailed,295,,,2024-09-17 18:23:51.032941+00,,
243,DO1DhOd0kwIHrgb,3,3,Post Hoc,296,,,2024-09-17 18:23:58.99042+00,,
244,GtOfZ643zgjE0av,1,1,Snippet,281,,,2024-09-17 18:24:01.646707+00,,
245,fSHVkyHSnBk9wvF,3,3,Quoted,287,,,2024-09-17 18:24:10.741849+00,,
246,eQBKoJjNAPP7V6Z,3,3,Paraphrased,260,,,2024-09-17 18:24:20.315381+00,,
247,eQBKoJjNAPP7V6Z,3,3,Gemini,264,,,2024-09-17 18:24:39.167205+00,,
248,KHdznSlY7WjzguP,3,3,Paraphrased,249,,,2024-09-17 18:24:44.198614+00,,
249,eQBKoJjNAPP7V6Z,3,3,Abstractive,266,,,2024-09-17 18:24:49.776277+00,,
250,GtOfZ643zgjE0av,3,3,Paraphrased,282,,,2024-09-17 18:24:50.336449+00,,
251,KHdznSlY7WjzguP,3,1,Snippet,250,,,2024-09-17 18:25:03.133977+00,,
252,DO1DhOd0kwIHrgb,3,3,Entailed,297,,,2024-09-17 18:25:05.079128+00,,
253,GtOfZ643zgjE0av,3,3,Gemini,283,,,2024-09-17 18:25:07.580598+00,,
254,fSHVkyHSnBk9wvF,1,2,Snippet,288,,,2024-09-17 18:25:08.378434+00,,
255,DO1DhOd0kwIHrgb,3,3,Gemini,298,,,2024-09-17 18:25:09.737007+00,,
256,DO1DhOd0kwIHrgb,3,3,Abstractive,299,,,2024-09-17 18:25:14.281839+00,,
257,DO1DhOd0kwIHrgb,3,3,Quoted,300,,,2024-09-17 18:25:19.510649+00,,
258,DO1DhOd0kwIHrgb,3,3,Post Hoc,302,,,2024-09-17 18:25:25.138787+00,,
259,GtOfZ643zgjE0av,2,3,Quoted,284,,,2024-09-17 18:25:29.189422+00,,
260,DO1DhOd0kwIHrgb,3,3,Paraphrased,303,,,2024-09-17 18:25:34.735119+00,,
261,eQBKoJjNAPP7V6Z,3,3,Abstractive,267,,,2024-09-17 18:37:31.86959+00,,
262,fSHVkyHSnBk9wvF,3,3,Entailed,289,,,2024-09-17 18:37:41.832746+00,,
263,eQBKoJjNAPP7V6Z,3,3,Gemini,269,,,2024-09-17 18:37:52.179753+00,,
264,fSHVkyHSnBk9wvF,3,2,Quoted,290,,,2024-09-17 18:38:00.73476+00,,
265,fSHVkyHSnBk9wvF,3,3,Gemini,292,,,2024-09-17 18:38:16.33637+00,,
266,fSHVkyHSnBk9wvF,3,2,Paraphrased,293,,,2024-09-17 18:38:34.707006+00,,
267,eQBKoJjNAPP7V6Z,2,1,Snippet,271,,,2024-09-17 18:38:35.363699+00,,
268,fSHVkyHSnBk9wvF,3,3,Abstractive,294,,,2024-09-17 18:38:46.530115+00,,
269,fSHVkyHSnBk9wvF,2,1,Snippet,295,,,2024-09-17 18:39:05.493992+00,,
270,eQBKoJjNAPP7V6Z,2,3,Quoted,272,,,2024-09-17 18:39:12.240436+00,,
271,fSHVkyHSnBk9wvF,3,3,Post Hoc,297,,,2024-09-17 18:39:18.235227+00,,
272,eQBKoJjNAPP7V6Z,3,3,Entailed,273,,,2024-09-17 18:39:23.971852+00,,
273,eQBKoJjNAPP7V6Z,3,3,Paraphrased,276,,,2024-09-17 18:39:39.767138+00,,
274,eQBKoJjNAPP7V6Z,3,3,Post Hoc,279,,,2024-09-17 18:39:58.13966+00,,
275,eQBKoJjNAPP7V6Z,3,3,Abstractive,274,,,2024-09-17 18:40:55.968929+00,,
276,DO1DhOd0kwIHrgb,3,3,Entailed,304,,,2024-09-17 18:41:03.105281+00,,
277,fSHVkyHSnBk9wvF,3,3,Abstractive,296,,,2024-09-17 18:41:03.553776+00,,
278,DO1DhOd0kwIHrgb,3,3,Post Hoc,305,,,2024-09-17 18:41:07.666074+00,,
279,eQBKoJjNAPP7V6Z,3,3,Gemini,275,,,2024-09-17 18:41:07.784341+00,,
280,DO1DhOd0kwIHrgb,3,3,Paraphrased,306,,,2024-09-17 18:41:13.614048+00,,
281,fSHVkyHSnBk9wvF,3,3,Paraphrased,298,,,2024-09-17 18:41:16.344896+00,,
282,eQBKoJjNAPP7V6Z,3,3,Entailed,280,,,2024-09-17 18:41:17.438572+00,,
283,DO1DhOd0kwIHrgb,3,3,Gemini,307,,,2024-09-17 18:41:19.428125+00,,
284,DO1DhOd0kwIHrgb,3,3,Abstractive,308,,,2024-09-17 18:41:24.406022+00,,
285,fSHVkyHSnBk9wvF,3,3,Entailed,299,,,2024-09-17 18:41:29.380708+00,,
286,eQBKoJjNAPP7V6Z,3,2,Post Hoc,281,,,2024-09-17 18:41:32.226131+00,,
287,DO1DhOd0kwIHrgb,2,3,Quoted,310,,,2024-09-17 18:41:39.076721+00,,
288,eQBKoJjNAPP7V6Z,3,3,Quoted,282,,,2024-09-17 18:41:41.282062+00,,
289,fSHVkyHSnBk9wvF,3,1,Snippet,300,,,2024-09-17 18:41:42.845602+00,,
290,DO1DhOd0kwIHrgb,1,1,Snippet,311,,,2024-09-17 18:41:53.537318+00,,
291,KHdznSlY7WjzguP,3,3,Abstractive,255,,,2024-09-17 18:41:55.429612+00,,
292,eQBKoJjNAPP7V6Z,3,1,Paraphrased,283,,,2024-09-17 18:42:05.167654+00,,
293,KHdznSlY7WjzguP,2,1,Snippet,257,,,2024-09-17 18:42:16.47383+00,,
294,fSHVkyHSnBk9wvF,3,3,Gemini,302,,,2024-09-17 18:42:19.556829+00,,
295,DO1DhOd0kwIHrgb,3,3,Post Hoc,312,,,2024-09-17 18:42:36.006445+00,,
296,DO1DhOd0kwIHrgb,3,3,Entailed,313,,,2024-09-17 18:42:42.218099+00,,
297,eQBKoJjNAPP7V6Z,3,1,Snippet,284,,,2024-09-17 18:42:44.631353+00,,
298,DO1DhOd0kwIHrgb,3,3,Abstractive,314,,,2024-09-17 18:42:47.523219+00,,
299,DO1DhOd0kwIHrgb,3,3,Gemini,315,,,2024-09-17 18:42:53.986567+00,,
300,fSHVkyHSnBk9wvF,3,3,Post Hoc,303,,,2024-09-17 18:42:54.110081+00,,
301,fSHVkyHSnBk9wvF,3,3,Quoted,304,,,2024-09-17 18:43:06.708797+00,,
302,DO1DhOd0kwIHrgb,2,1,Snippet,316,,,2024-09-17 18:43:07.693667+00,,
303,DO1DhOd0kwIHrgb,3,3,Paraphrased,317,,,2024-09-17 18:43:25.803123+00,,
304,DO1DhOd0kwIHrgb,3,3,Quoted,318,,,2024-09-17 18:43:38.381529+00,,
305,eQBKoJjNAPP7V6Z,3,3,Gemini,285,,,2024-09-17 18:43:43.949348+00,,
306,eQBKoJjNAPP7V6Z,3,3,Quoted,286,,,2024-09-17 18:44:00.395146+00,,
307,eQBKoJjNAPP7V6Z,3,3,Post Hoc,287,,,2024-09-17 18:44:11.052971+00,,
308,KHdznSlY7WjzguP,3,2,Quoted,258,,,2024-09-17 18:44:23.404881+00,,
309,DO1DhOd0kwIHrgb,3,3,Gemini,319,,,2024-09-17 18:44:29.093223+00,,
310,eQBKoJjNAPP7V6Z,3,2,Paraphrased,288,,,2024-09-17 18:44:29.530947+00,,
311,KHdznSlY7WjzguP,3,3,Post Hoc,260,,,2024-09-17 18:44:34.757241+00,,
312,DO1DhOd0kwIHrgb,3,3,Entailed,320,,,2024-09-17 18:44:37.070083+00,,
313,KHdznSlY7WjzguP,3,3,Entailed,262,,,2024-09-17 18:44:48.642128+00,,
314,DO1DhOd0kwIHrgb,1,1,Snippet,322,,,2024-09-17 18:44:50.596601+00,,
315,eQBKoJjNAPP7V6Z,1,1,Snippet,289,,,2024-09-17 18:44:51.579953+00,,
316,DO1DhOd0kwIHrgb,3,3,Abstractive,323,,,2024-09-17 18:44:58.572997+00,,
317,eQBKoJjNAPP7V6Z,3,3,Entailed,290,,,2024-09-17 18:45:08.096947+00,,
318,KHdznSlY7WjzguP,3,3,Paraphrased,264,,,2024-09-17 18:45:09.152694+00,,
319,DO1DhOd0kwIHrgb,3,3,Paraphrased,324,,,2024-09-17 18:45:10.980033+00,,
320,KHdznSlY7WjzguP,3,3,Gemini,273,,,2024-09-17 18:45:24.527158+00,,
321,DO1DhOd0kwIHrgb,2,1,Quoted,325,,,2024-09-17 18:45:25.207897+00,,
322,eQBKoJjNAPP7V6Z,3,2,Abstractive,292,,,2024-09-17 18:45:26.481639+00,,
323,DO1DhOd0kwIHrgb,3,3,Post Hoc,326,,,2024-09-17 18:45:32.974789+00,,
324,fSHVkyHSnBk9wvF,3,1,Quoted,305,,,2024-09-17 18:45:40.877473+00,,
325,eQBKoJjNAPP7V6Z,3,1,Gemini,293,,,2024-09-17 18:46:09.834466+00,,
326,eQBKoJjNAPP7V6Z,3,3,Post Hoc,294,,,2024-09-17 18:46:21.790604+00,,
327,fSHVkyHSnBk9wvF,2,1,Snippet,306,,,2024-09-17 18:46:23.307316+00,,
328,DO1DhOd0kwIHrgb,3,3,Gemini,327,,,2024-09-17 18:46:37.606143+00,,
329,DO1DhOd0kwIHrgb,3,3,Entailed,328,,,2024-09-17 18:46:43.023881+00,,
330,fSHVkyHSnBk9wvF,3,3,Entailed,307,,,2024-09-17 18:46:43.442051+00,,
331,eQBKoJjNAPP7V6Z,3,1,Paraphrased,295,,,2024-09-17 18:46:43.572887+00,,
332,DO1DhOd0kwIHrgb,3,3,Paraphrased,329,,,2024-09-17 18:46:49.003838+00,,
333,DO1DhOd0kwIHrgb,3,3,Quoted,330,,,2024-09-17 18:46:53.954362+00,,
334,DO1DhOd0kwIHrgb,3,3,Abstractive,331,,,2024-09-17 18:47:01.086279+00,,
335,eQBKoJjNAPP7V6Z,3,3,Entailed,296,,,2024-09-17 18:47:02.970813+00,,
336,DO1DhOd0kwIHrgb,2,1,Snippet,332,,,2024-09-17 18:47:12.539002+00,,
337,DO1DhOd0kwIHrgb,3,3,Post Hoc,333,,,2024-09-17 18:47:18.634732+00,,
338,eQBKoJjNAPP7V6Z,1,1,Snippet,297,,,2024-09-17 18:47:24.910526+00,,
339,fSHVkyHSnBk9wvF,3,3,Post Hoc,308,,,2024-09-17 18:47:25.73199+00,,
340,KHdznSlY7WjzguP,3,2,Abstractive,263,,,2024-09-17 18:47:52.563212+00,,
341,eQBKoJjNAPP7V6Z,1,2,Quoted,298,,,2024-09-17 18:47:53.135288+00,,
342,KHdznSlY7WjzguP,3,3,Post Hoc,265,,,2024-09-17 18:48:01.436779+00,,
343,eQBKoJjNAPP7V6Z,3,3,Abstractive,300,,,2024-09-17 18:48:04.742959+00,,
344,KHdznSlY7WjzguP,3,3,Paraphrased,266,,,2024-09-17 18:48:10.398083+00,,
345,DO1DhOd0kwIHrgb,3,3,Gemini,334,,,2024-09-17 18:48:17.060933+00,,
346,KHdznSlY7WjzguP,3,3,Entailed,272,,,2024-09-17 18:48:20.367708+00,,
347,DO1DhOd0kwIHrgb,2,2,Quoted,335,,,2024-09-17 18:48:29.4729+00,,
348,DO1DhOd0kwIHrgb,3,3,Abstractive,336,,,2024-09-17 18:48:36.29467+00,,
349,KHdznSlY7WjzguP,2,1,Snippet,274,,,2024-09-17 18:48:42.302897+00,,
350,fSHVkyHSnBk9wvF,3,3,Gemini,310,,,2024-09-17 18:49:02.246734+00,,
351,DO1DhOd0kwIHrgb,2,1,Snippet,337,,,2024-09-17 18:49:02.706753+00,,
352,KHdznSlY7WjzguP,2,2,Quoted,275,,,2024-09-17 18:49:08.743341+00,,
353,DO1DhOd0kwIHrgb,3,3,Post Hoc,338,,,2024-09-17 18:49:09.43634+00,,
354,DO1DhOd0kwIHrgb,3,3,Entailed,339,,,2024-09-17 18:49:17.308556+00,,
355,KHdznSlY7WjzguP,3,1,Gemini,286,,,2024-09-17 18:49:21.924585+00,,
356,DO1DhOd0kwIHrgb,3,3,Paraphrased,340,,,2024-09-17 18:49:24.007582+00,,
357,fSHVkyHSnBk9wvF,3,2,Paraphrased,311,,,2024-09-17 18:49:33.630213+00,,
358,4mI9lIjKHyuqizb,3,3,Quoted,273,,,2024-09-17 18:49:47.132776+00,,
359,DO1DhOd0kwIHrgb,3,3,Paraphrased,341,,,2024-09-17 18:49:47.523512+00,,
360,4mI9lIjKHyuqizb,1,1,Snippet,275,,,2024-09-17 18:49:57.87412+00,,
361,DO1DhOd0kwIHrgb,3,1,Quoted,343,,,2024-09-17 18:50:00.156149+00,,
362,eQBKoJjNAPP7V6Z,3,3,Post Hoc,299,,,2024-09-17 18:50:15.267026+00,,
363,DO1DhOd0kwIHrgb,1,1,Snippet,344,,,2024-09-17 18:50:18.074146+00,,
364,DO1DhOd0kwIHrgb,3,3,Post Hoc,345,,,2024-09-17 18:50:22.650252+00,,
365,KHdznSlY7WjzguP,3,1,Snippet,276,,,2024-09-17 18:50:25.908752+00,,
366,4mI9lIjKHyuqizb,3,3,Abstractive,276,,,2024-09-17 18:50:27.93919+00,,
367,DO1DhOd0kwIHrgb,3,1,Entailed,347,,,2024-09-17 18:50:34.117043+00,,
368,KHdznSlY7WjzguP,3,3,Abstractive,279,,,2024-09-17 18:50:36.890066+00,,
369,DO1DhOd0kwIHrgb,3,3,Abstractive,348,,,2024-09-17 18:50:40.054925+00,,
370,4mI9lIjKHyuqizb,3,1,Paraphrased,279,,,2024-09-17 18:50:43.106662+00,,
371,fSHVkyHSnBk9wvF,3,3,Abstractive,312,,,2024-09-17 18:50:44.187682+00,,
372,4mI9lIjKHyuqizb,3,3,Post Hoc,280,,,2024-09-17 18:50:48.598772+00,,
373,DO1DhOd0kwIHrgb,3,3,Gemini,349,,,2024-09-17 18:50:54.464569+00,,
374,KHdznSlY7WjzguP,3,3,Quoted,280,,,2024-09-17 18:51:09.118134+00,,
375,4mI9lIjKHyuqizb,3,3,Entailed,281,,,2024-09-17 18:51:09.369348+00,,
376,4mI9lIjKHyuqizb,3,3,Gemini,287,,,2024-09-17 18:51:19.126581+00,,
377,KHdznSlY7WjzguP,3,1,Paraphrased,281,,,2024-09-17 18:51:23.986825+00,,
378,DO1DhOd0kwIHrgb,3,3,Quoted,350,,,2024-09-17 18:51:34.696668+00,,
379,fSHVkyHSnBk9wvF,3,3,Paraphrased,313,,,2024-09-17 18:51:37.150824+00,,
380,KHdznSlY7WjzguP,3,3,Entailed,282,,,2024-09-17 18:51:40.320441+00,,
381,eQBKoJjNAPP7V6Z,3,3,Paraphrased,302,,,2024-09-17 18:51:40.642686+00,,
382,DO1DhOd0kwIHrgb,2,1,Snippet,351,,,2024-09-17 18:51:51.27685+00,,
383,fSHVkyHSnBk9wvF,3,3,Entailed,314,,,2024-09-17 18:51:55.49831+00,,
384,DO1DhOd0kwIHrgb,3,3,Gemini,352,,,2024-09-17 18:51:58.238568+00,,
385,KHdznSlY7WjzguP,3,1,Post Hoc,284,,,2024-09-17 18:51:58.30433+00,,
386,DO1DhOd0kwIHrgb,3,3,Paraphrased,353,,,2024-09-17 18:52:10.266811+00,,
387,fSHVkyHSnBk9wvF,3,3,Abstractive,315,,,2024-09-17 18:52:10.995031+00,,
388,DO1DhOd0kwIHrgb,3,3,Entailed,354,,,2024-09-17 18:52:20.293235+00,,
389,4mI9lIjKHyuqizb,3,3,Post Hoc,282,,,2024-09-17 18:52:21.852676+00,,
390,DO1DhOd0kwIHrgb,3,3,Abstractive,355,,,2024-09-17 18:52:25.392754+00,,
391,4mI9lIjKHyuqizb,3,3,Abstractive,283,,,2024-09-17 18:52:27.628132+00,,
392,DO1DhOd0kwIHrgb,3,3,Post Hoc,356,,,2024-09-17 18:52:33.687451+00,,
393,KHdznSlY7WjzguP,3,1,Gemini,288,,,2024-09-17 18:52:34.829652+00,,
394,4mI9lIjKHyuqizb,3,1,Snippet,285,,,2024-09-17 18:52:45.541632+00,,
395,4mI9lIjKHyuqizb,3,3,Entailed,286,,,2024-09-17 18:52:51.834075+00,,
396,DO1DhOd0kwIHrgb,3,3,Abstractive,357,,,2024-09-17 18:52:58.163198+00,,
397,4mI9lIjKHyuqizb,3,2,Quoted,288,,,2024-09-17 18:53:03.60001+00,,
398,fSHVkyHSnBk9wvF,3,3,Post Hoc,316,,,2024-09-17 18:53:07.05057+00,,
399,KHdznSlY7WjzguP,3,3,Entailed,283,,,2024-09-17 18:53:09.156551+00,,
400,DO1DhOd0kwIHrgb,1,1,Quoted,358,,,2024-09-17 18:53:13.740962+00,,
401,DO1DhOd0kwIHrgb,3,3,Paraphrased,359,,,2024-09-17 18:53:22.039406+00,,
402,4mI9lIjKHyuqizb,3,3,Gemini,289,,,2024-09-17 18:53:25.102803+00,,
403,DO1DhOd0kwIHrgb,3,3,Gemini,360,,,2024-09-17 18:53:29.230813+00,,
404,KHdznSlY7WjzguP,3,1,Paraphrased,285,,,2024-09-17 18:53:33.653223+00,,
405,DO1DhOd0kwIHrgb,3,3,Entailed,361,,,2024-09-17 18:53:38.278992+00,,
406,KHdznSlY7WjzguP,1,1,Snippet,287,,,2024-09-17 18:53:44.93793+00,,
407,KHdznSlY7WjzguP,3,3,Post Hoc,289,,,2024-09-17 18:53:53.653466+00,,
408,4mI9lIjKHyuqizb,3,2,Paraphrased,290,,,2024-09-17 18:53:54.562217+00,,
409,KHdznSlY7WjzguP,3,3,Abstractive,290,,,2024-09-17 18:54:02.846533+00,,
410,DO1DhOd0kwIHrgb,2,1,Snippet,362,,,2024-09-17 18:54:03.662895+00,,
411,DO1DhOd0kwIHrgb,3,3,Post Hoc,363,,,2024-09-17 18:54:11.439267+00,,
412,fSHVkyHSnBk9wvF,2,1,Snippet,317,,,2024-09-17 18:54:16.285615+00,,
413,DO1DhOd0kwIHrgb,3,3,Quoted,364,,,2024-09-17 18:54:33.998594+00,,
414,fSHVkyHSnBk9wvF,3,3,Gemini,318,,,2024-09-17 18:54:37.12821+00,,
415,DO1DhOd0kwIHrgb,3,3,Post Hoc,365,,,2024-09-17 18:54:42.431488+00,,
416,6BBinbmBretqjJt,3,3,Paraphrased,289,,,2024-09-17 18:54:54.934771+00,,
417,DO1DhOd0kwIHrgb,3,3,Paraphrased,366,,,2024-09-17 18:54:56.451749+00,,
418,KHdznSlY7WjzguP,2,3,Quoted,292,,,2024-09-17 18:55:02.591714+00,,
419,DO1DhOd0kwIHrgb,3,3,Abstractive,367,,,2024-09-17 18:55:04.320704+00,,
420,6BBinbmBretqjJt,2,1,Snippet,292,,,2024-09-17 18:55:10.307242+00,,
421,DO1DhOd0kwIHrgb,1,1,Snippet,368,,,2024-09-17 18:55:17.096755+00,,
422,4mI9lIjKHyuqizb,3,3,Abstractive,284,,,2024-09-17 18:55:17.624747+00,,
423,DO1DhOd0kwIHrgb,3,3,Gemini,369,,,2024-09-17 18:55:22.934539+00,,
424,6BBinbmBretqjJt,3,2,Entailed,293,,,2024-09-17 18:55:25.143624+00,,
425,4mI9lIjKHyuqizb,3,3,Post Hoc,292,,,2024-09-17 18:55:25.502881+00,,
426,DO1DhOd0kwIHrgb,3,3,Entailed,372,,,2024-09-17 18:55:31.391166+00,,
427,KHdznSlY7WjzguP,3,1,Gemini,295,,,2024-09-17 18:55:32.974762+00,,
428,4mI9lIjKHyuqizb,3,2,Quoted,293,,,2024-09-17 18:55:34.821228+00,,
429,eQBKoJjNAPP7V6Z,3,3,Abstractive,303,,,2024-09-17 18:55:36.51403+00,,
430,6BBinbmBretqjJt,2,2,Quoted,294,,,2024-09-17 18:55:38.930016+00,,
431,6BBinbmBretqjJt,3,3,Post Hoc,295,,,2024-09-17 18:56:01.048214+00,,
432,4mI9lIjKHyuqizb,3,1,Snippet,294,,,2024-09-17 18:56:05.544174+00,,
433,cDes1aVDZIV9RhP,3,3,Post Hoc,293,,,2024-09-17 18:56:10.125439+00,,
434,6BBinbmBretqjJt,3,3,Abstractive,297,,,2024-09-17 18:56:19.676721+00,,
435,cDes1aVDZIV9RhP,3,1,Entailed,294,,,2024-09-17 18:56:23.300184+00,,
436,6BBinbmBretqjJt,3,3,Gemini,299,,,2024-09-17 18:56:28.872101+00,,
437,cDes1aVDZIV9RhP,3,3,Abstractive,295,,,2024-09-17 18:56:39.820514+00,,
438,DO1DhOd0kwIHrgb,2,1,Snippet,373,,,2024-09-17 18:56:46.916186+00,,
439,DO1DhOd0kwIHrgb,3,3,Abstractive,375,,,2024-09-17 18:56:51.966998+00,,
440,4mI9lIjKHyuqizb,3,1,Paraphrased,296,,,2024-09-17 18:56:55.744293+00,,
441,DO1DhOd0kwIHrgb,3,3,Quoted,378,,,2024-09-17 18:56:57.558971+00,,
442,DO1DhOd0kwIHrgb,3,3,Gemini,379,,,2024-09-17 18:57:05.093044+00,,
443,fSHVkyHSnBk9wvF,3,3,Quoted,319,,,2024-09-17 18:57:10.46797+00,,
444,DO1DhOd0kwIHrgb,3,3,Paraphrased,383,,,2024-09-17 18:57:12.19186+00,,
445,eQBKoJjNAPP7V6Z,3,3,Gemini,304,,,2024-09-17 18:57:13.507627+00,,
446,4mI9lIjKHyuqizb,3,3,Gemini,297,,,2024-09-17 18:57:15.217407+00,,
447,cDes1aVDZIV9RhP,3,1,Snippet,296,,,2024-09-17 18:57:15.84035+00,,
448,6BBinbmBretqjJt,1,1,Quoted,296,,,2024-09-17 18:57:18.569991+00,,
449,DO1DhOd0kwIHrgb,3,3,Post Hoc,384,,,2024-09-17 18:57:20.225267+00,,
450,6BBinbmBretqjJt,2,2,Abstractive,298,,,2024-09-17 18:57:30.247537+00,,
451,cDes1aVDZIV9RhP,3,3,Paraphrased,297,,,2024-09-17 18:57:34.481797+00,,
452,DO1DhOd0kwIHrgb,3,3,Entailed,385,,,2024-09-17 18:57:35.302669+00,,
453,cDes1aVDZIV9RhP,3,3,Quoted,299,,,2024-09-17 18:57:40.946973+00,,
454,6BBinbmBretqjJt,3,3,Entailed,300,,,2024-09-17 18:57:44.053861+00,,
455,4mI9lIjKHyuqizb,3,3,Entailed,298,,,2024-09-17 18:57:51.074241+00,,
456,cDes1aVDZIV9RhP,3,2,Gemini,300,,,2024-09-17 18:58:01.662274+00,,
457,DO1DhOd0kwIHrgb,3,3,Gemini,386,,,2024-09-17 18:58:06.94202+00,,
458,6BBinbmBretqjJt,2,1,Snippet,302,,,2024-09-17 18:58:22.606735+00,,
459,4mI9lIjKHyuqizb,3,3,Paraphrased,299,,,2024-09-17 18:58:27.737075+00,,
460,4mI9lIjKHyuqizb,3,3,Post Hoc,300,,,2024-09-17 18:58:34.937613+00,,
461,6BBinbmBretqjJt,3,2,Gemini,303,,,2024-09-17 18:58:35.685882+00,,
462,cDes1aVDZIV9RhP,3,3,Post Hoc,298,,,2024-09-17 18:58:40.201068+00,,
463,4mI9lIjKHyuqizb,3,3,Quoted,302,,,2024-09-17 18:58:41.000665+00,,
464,cDes1aVDZIV9RhP,3,3,Entailed,302,,,2024-09-17 18:58:47.281125+00,,
465,4mI9lIjKHyuqizb,1,1,Snippet,303,,,2024-09-17 18:58:57.204263+00,,
466,cDes1aVDZIV9RhP,3,3,Quoted,303,,,2024-09-17 18:58:58.281414+00,,
467,6BBinbmBretqjJt,2,2,Post Hoc,304,,,2024-09-17 18:58:59.546961+00,,
468,6BBinbmBretqjJt,3,2,Paraphrased,305,,,2024-09-17 18:59:12.446142+00,,
469,cDes1aVDZIV9RhP,3,3,Paraphrased,304,,,2024-09-17 18:59:14.818047+00,,
470,cDes1aVDZIV9RhP,3,2,Abstractive,305,,,2024-09-17 18:59:31.063384+00,,
471,cDes1aVDZIV9RhP,-1,-1,Snippet,307,,,2024-09-17 18:59:31.335289+00,,
472,cDes1aVDZIV9RhP,3,3,Gemini,308,,,2024-09-17 18:59:48.265998+00,,
473,6BBinbmBretqjJt,3,3,Post Hoc,306,,,2024-09-17 19:00:12.734783+00,,
474,6BBinbmBretqjJt,3,3,Paraphrased,307,,,2024-09-17 19:00:21.063319+00,,
475,cDes1aVDZIV9RhP,3,3,Abstractive,306,,,2024-09-17 19:00:22.475221+00,,
476,6BBinbmBretqjJt,3,3,Entailed,308,,,2024-09-17 19:00:32.741681+00,,
477,cDes1aVDZIV9RhP,3,3,Post Hoc,310,,,2024-09-17 19:00:43.376695+00,,
478,6BBinbmBretqjJt,2,2,Abstractive,310,,,2024-09-17 19:00:51.771973+00,,
479,cDes1aVDZIV9RhP,3,3,Entailed,311,,,2024-09-17 19:00:55.955272+00,,
480,6BBinbmBretqjJt,2,2,Gemini,311,,,2024-09-17 19:01:02.789178+00,,
481,cDes1aVDZIV9RhP,3,1,Paraphrased,312,,,2024-09-17 19:01:19.247201+00,,
482,6BBinbmBretqjJt,3,3,Quoted,312,,,2024-09-17 19:01:26.953646+00,,
483,eQBKoJjNAPP7V6Z,1,1,Snippet,305,,,2024-09-17 19:01:29.225908+00,,
484,cDes1aVDZIV9RhP,3,3,Gemini,313,,,2024-09-17 19:01:32.820773+00,,
485,6BBinbmBretqjJt,2,2,Snippet,313,,,2024-09-17 19:01:40.809107+00,,
486,cDes1aVDZIV9RhP,3,3,Quoted,314,,,2024-09-17 19:01:43.995437+00,,
487,eQBKoJjNAPP7V6Z,3,3,Entailed,306,,,2024-09-17 19:01:53.357889+00,,
488,cDes1aVDZIV9RhP,3,1,Snippet,315,,,2024-09-17 19:02:05.909453+00,,
489,eQBKoJjNAPP7V6Z,3,3,Quoted,307,,,2024-09-17 19:02:06.653159+00,,
490,4mI9lIjKHyuqizb,3,3,Abstractive,304,,,2024-09-17 19:02:07.07253+00,,
491,6BBinbmBretqjJt,3,3,Paraphrased,314,,,2024-09-17 19:02:16.195128+00,,
492,4mI9lIjKHyuqizb,3,2,Entailed,305,,,2024-09-17 19:02:25.960234+00,,
493,6BBinbmBretqjJt,3,3,Quoted,315,,,2024-09-17 19:02:28.554463+00,,
494,6BBinbmBretqjJt,3,3,Entailed,316,,,2024-09-17 19:02:39.091381+00,,
495,KHdznSlY7WjzguP,3,3,Quoted,297,,,2024-09-17 19:02:43.990932+00,,
496,6BBinbmBretqjJt,3,2,Post Hoc,317,,,2024-09-17 19:02:52.402272+00,,
497,6BBinbmBretqjJt,3,3,Abstractive,318,,,2024-09-17 19:03:01.190891+00,,
498,KHdznSlY7WjzguP,3,1,Snippet,298,,,2024-09-17 19:03:02.339517+00,,
499,KHdznSlY7WjzguP,3,3,Paraphrased,300,,,2024-09-17 19:03:18.240174+00,,
500,6BBinbmBretqjJt,1,2,Snippet,319,,,2024-09-17 19:03:21.528543+00,,
501,KHdznSlY7WjzguP,3,3,Abstractive,302,,,2024-09-17 19:03:26.970585+00,,
502,6BBinbmBretqjJt,3,3,Gemini,320,,,2024-09-17 19:03:36.642548+00,,
503,KHdznSlY7WjzguP,3,3,Entailed,303,,,2024-09-17 19:03:38.492533+00,,
504,KHdznSlY7WjzguP,3,3,Post Hoc,311,,,2024-09-17 19:03:47.16492+00,,
505,eQBKoJjNAPP7V6Z,1,1,Snippet,308,,,2024-09-17 19:03:56.440359+00,,
506,KHdznSlY7WjzguP,3,3,Gemini,312,,,2024-09-17 19:04:05.067839+00,,
507,fSHVkyHSnBk9wvF,2,1,Snippet,320,,,2024-09-17 19:04:15.885952+00,,
508,6BBinbmBretqjJt,3,3,Entailed,322,,,2024-09-17 19:04:30.979807+00,,
509,DO1DhOd0kwIHrgb,3,3,Entailed,387,,,2024-09-17 19:04:35.876271+00,,
510,DO1DhOd0kwIHrgb,3,3,Abstractive,388,,,2024-09-17 19:04:40.469273+00,,
511,6BBinbmBretqjJt,3,2,Gemini,323,,,2024-09-17 19:04:44.80889+00,,
512,DO1DhOd0kwIHrgb,3,3,Post Hoc,389,,,2024-09-17 19:04:45.119592+00,,
513,KHdznSlY7WjzguP,1,1,Snippet,299,,,2024-09-17 19:04:52.957026+00,,
514,DO1DhOd0kwIHrgb,3,3,Paraphrased,390,,,2024-09-17 19:04:53.299983+00,,
515,6BBinbmBretqjJt,3,2,Quoted,324,,,2024-09-17 19:04:56.099505+00,,
516,KHdznSlY7WjzguP,3,3,Abstractive,307,,,2024-09-17 19:05:04.867941+00,,
517,DO1DhOd0kwIHrgb,2,2,Quoted,392,,,2024-09-17 19:05:09.225605+00,,
518,4mI9lIjKHyuqizb,3,3,Gemini,306,,,2024-09-17 19:05:19.228639+00,,
519,6BBinbmBretqjJt,1,2,Snippet,325,,,2024-09-17 19:05:25.56569+00,,
520,DO1DhOd0kwIHrgb,2,1,Snippet,393,,,2024-09-17 19:05:25.867755+00,,
521,DO1DhOd0kwIHrgb,3,3,Gemini,394,,,2024-09-17 19:05:31.969106+00,,
522,6BBinbmBretqjJt,3,3,Abstractive,326,,,2024-09-17 19:05:42.079046+00,,
523,6BBinbmBretqjJt,3,2,Paraphrased,327,,,2024-09-17 19:05:52.796118+00,,
524,KHdznSlY7WjzguP,3,2,Quoted,308,,,2024-09-17 19:05:59.72585+00,,
525,DO1DhOd0kwIHrgb,3,3,Entailed,395,,,2024-09-17 19:06:04.023624+00,,
526,KHdznSlY7WjzguP,3,3,Post Hoc,313,,,2024-09-17 19:06:10.803525+00,,
527,DO1DhOd0kwIHrgb,3,3,Paraphrased,396,,,2024-09-17 19:06:12.249583+00,,
528,6BBinbmBretqjJt,3,3,Post Hoc,328,,,2024-09-17 19:06:14.243484+00,,
529,DO1DhOd0kwIHrgb,3,3,Abstractive,397,,,2024-09-17 19:06:18.922305+00,,
530,DO1DhOd0kwIHrgb,3,3,Gemini,398,,,2024-09-17 19:06:29.107971+00,,
531,KHdznSlY7WjzguP,3,1,Gemini,314,,,2024-09-17 19:06:30.640658+00,,
532,4mI9lIjKHyuqizb,1,1,Snippet,310,,,2024-09-17 19:06:32.029395+00,,
533,DO1DhOd0kwIHrgb,3,3,Post Hoc,399,,,2024-09-17 19:06:34.266448+00,,
534,KHdznSlY7WjzguP,3,3,Entailed,315,,,2024-09-17 19:06:36.844391+00,,
535,4mI9lIjKHyuqizb,3,3,Quoted,313,,,2024-09-17 19:06:39.096595+00,,
536,4mI9lIjKHyuqizb,3,3,Post Hoc,315,,,2024-09-17 19:06:45.877392+00,,
537,KHdznSlY7WjzguP,3,3,Paraphrased,316,,,2024-09-17 19:06:51.863816+00,,
538,DO1DhOd0kwIHrgb,1,1,Snippet,400,,,2024-09-17 19:06:52.755873+00,,
539,4mI9lIjKHyuqizb,3,3,Abstractive,316,,,2024-09-17 19:06:57.606758+00,,
540,DO1DhOd0kwIHrgb,3,3,Quoted,401,,,2024-09-17 19:06:59.034458+00,,
541,fSHVkyHSnBk9wvF,3,3,Paraphrased,322,,,2024-09-17 19:06:59.697411+00,,
542,4mI9lIjKHyuqizb,3,2,Entailed,317,,,2024-09-17 19:07:07.401429+00,,
543,fSHVkyHSnBk9wvF,3,3,Post Hoc,323,,,2024-09-17 19:07:12.999343+00,,
544,6BBinbmBretqjJt,-1,-1,Snippet,329,,,2024-09-17 19:07:24.632777+00,,
545,fSHVkyHSnBk9wvF,3,3,Entailed,324,,,2024-09-17 19:07:25.993272+00,,
546,4mI9lIjKHyuqizb,3,3,Paraphrased,318,,,2024-09-17 19:07:29.89134+00,,
547,4mI9lIjKHyuqizb,3,3,Gemini,324,,,2024-09-17 19:07:39.240385+00,,
548,fSHVkyHSnBk9wvF,3,3,Gemini,325,,,2024-09-17 19:07:40.528402+00,,
549,KHdznSlY7WjzguP,3,3,Gemini,317,,,2024-09-17 19:07:44.117121+00,,
550,eQBKoJjNAPP7V6Z,3,3,Paraphrased,310,,,2024-09-17 19:07:44.800829+00,,
551,6BBinbmBretqjJt,3,3,Paraphrased,330,,,2024-09-17 19:07:51.747296+00,,
552,KHdznSlY7WjzguP,3,3,Entailed,318,,,2024-09-17 19:07:52.845122+00,,
553,fSHVkyHSnBk9wvF,3,2,Quoted,326,,,2024-09-17 19:08:00.732417+00,,
554,fSHVkyHSnBk9wvF,3,3,Abstractive,327,,,2024-09-17 19:08:09.109796+00,,
555,eQBKoJjNAPP7V6Z,3,1,Quoted,311,,,2024-09-17 19:08:10.168654+00,,
556,KHdznSlY7WjzguP,3,1,Abstractive,319,,,2024-09-17 19:08:12.613617+00,,
557,4mI9lIjKHyuqizb,3,3,Paraphrased,319,,,2024-09-17 19:08:19.866854+00,,
558,6BBinbmBretqjJt,2,2,Gemini,331,,,2024-09-17 19:08:33.766868+00,,
559,eQBKoJjNAPP7V6Z,3,3,Entailed,312,,,2024-09-17 19:08:35.771441+00,,
560,KHdznSlY7WjzguP,3,1,Quoted,320,,,2024-09-17 19:08:35.90488+00,,
561,4mI9lIjKHyuqizb,3,3,Abstractive,320,,,2024-09-17 19:08:39.291945+00,,
562,6BBinbmBretqjJt,3,3,Post Hoc,332,,,2024-09-17 19:08:45.708671+00,,
563,KHdznSlY7WjzguP,3,3,Post Hoc,322,,,2024-09-17 19:08:48.682234+00,,
564,eQBKoJjNAPP7V6Z,3,2,Abstractive,313,,,2024-09-17 19:08:56.188398+00,,
565,6BBinbmBretqjJt,2,1,Entailed,333,,,2024-09-17 19:08:57.484449+00,,
566,4mI9lIjKHyuqizb,3,3,Quoted,322,,,2024-09-17 19:09:10.347751+00,,
567,eQBKoJjNAPP7V6Z,3,3,Post Hoc,314,,,2024-09-17 19:09:10.941046+00,,
568,KHdznSlY7WjzguP,3,2,Paraphrased,323,,,2024-09-17 19:09:27.139018+00,,
569,eQBKoJjNAPP7V6Z,3,3,Gemini,316,,,2024-09-17 19:09:27.513616+00,,
570,4mI9lIjKHyuqizb,3,1,Snippet,323,,,2024-09-17 19:09:40.204677+00,,
571,6BBinbmBretqjJt,3,3,Quoted,334,,,2024-09-17 19:09:42.868649+00,,
572,KHdznSlY7WjzguP,3,1,Snippet,324,,,2024-09-17 19:09:49.753768+00,,
573,4mI9lIjKHyuqizb,3,3,Post Hoc,325,,,2024-09-17 19:10:09.445738+00,,
574,6BBinbmBretqjJt,3,3,Abstractive,335,,,2024-09-17 19:10:10.729735+00,,
575,eQBKoJjNAPP7V6Z,3,3,Quoted,317,,,2024-09-17 19:10:19.048426+00,,
576,4mI9lIjKHyuqizb,3,3,Entailed,326,,,2024-09-17 19:10:22.860792+00,,
577,KHdznSlY7WjzguP,3,1,Paraphrased,325,,,2024-09-17 19:10:30.383455+00,,
578,KHdznSlY7WjzguP,3,1,Snippet,326,,,2024-09-17 19:10:47.909291+00,,
579,KHdznSlY7WjzguP,3,3,Quoted,327,,,2024-09-17 19:10:56.22123+00,,
580,eQBKoJjNAPP7V6Z,3,1,Snippet,318,,,2024-09-17 19:11:07.249449+00,,
581,6BBinbmBretqjJt,3,3,Snippet,336,,,2024-09-17 19:11:11.270377+00,,
582,KHdznSlY7WjzguP,3,3,Abstractive,328,,,2024-09-17 19:11:11.573722+00,,
583,eQBKoJjNAPP7V6Z,3,3,Post Hoc,319,,,2024-09-17 19:11:16.368801+00,,
584,KHdznSlY7WjzguP,3,3,Gemini,329,,,2024-09-17 19:11:25.460649+00,,
585,4mI9lIjKHyuqizb,3,3,Gemini,328,,,2024-09-17 19:11:28.410059+00,,
586,KHdznSlY7WjzguP,3,3,Post Hoc,330,,,2024-09-17 19:11:36.858142+00,,
587,eQBKoJjNAPP7V6Z,3,1,Paraphrased,320,,,2024-09-17 19:11:37.402952+00,,
588,KHdznSlY7WjzguP,3,3,Entailed,332,,,2024-09-17 19:11:45.493887+00,,
589,eQBKoJjNAPP7V6Z,3,3,Abstractive,322,,,2024-09-17 19:11:47.280808+00,,
590,eQBKoJjNAPP7V6Z,3,3,Entailed,323,,,2024-09-17 19:12:02.63583+00,,
591,4mI9lIjKHyuqizb,3,3,Post Hoc,327,,,2024-09-17 19:12:11.64311+00,,
592,4mI9lIjKHyuqizb,3,3,Entailed,329,,,2024-09-17 19:12:17.906538+00,,
593,4mI9lIjKHyuqizb,-1,-1,Snippet,330,,,2024-09-17 19:12:18.173934+00,,
594,eQBKoJjNAPP7V6Z,3,3,Gemini,329,,,2024-09-17 19:12:20.12543+00,,
595,cDes1aVDZIV9RhP,3,3,Post Hoc,320,,,2024-09-17 19:12:20.353659+00,,
596,4mI9lIjKHyuqizb,3,1,Quoted,331,,,2024-09-17 19:12:28.630271+00,,
597,4mI9lIjKHyuqizb,3,3,Paraphrased,332,,,2024-09-17 19:12:39.348274+00,,
598,cDes1aVDZIV9RhP,3,3,Quoted,323,,,2024-09-17 19:12:48.543913+00,,
599,6BBinbmBretqjJt,3,1,Paraphrased,337,,,2024-09-17 19:12:50.928403+00,,
600,4mI9lIjKHyuqizb,3,1,Abstractive,333,,,2024-09-17 19:12:52.116942+00,,
601,cDes1aVDZIV9RhP,3,3,Abstractive,324,,,2024-09-17 19:12:53.470308+00,,
602,4mI9lIjKHyuqizb,3,3,Gemini,335,,,2024-09-17 19:13:00.186682+00,,
603,6BBinbmBretqjJt,3,3,Gemini,338,,,2024-09-17 19:13:03.962254+00,,
604,6BBinbmBretqjJt,3,3,Post Hoc,339,,,2024-09-17 19:13:20.044793+00,,
605,fSHVkyHSnBk9wvF,3,3,Quoted,328,,,2024-09-17 19:13:30.414336+00,,
606,cDes1aVDZIV9RhP,3,3,Entailed,325,,,2024-09-17 19:13:32.925458+00,,
607,4mI9lIjKHyuqizb,3,3,Paraphrased,334,,,2024-09-17 19:13:40.724082+00,,
608,6BBinbmBretqjJt,3,2,Quoted,340,,,2024-09-17 19:13:45.579726+00,,
609,fSHVkyHSnBk9wvF,3,3,Post Hoc,329,,,2024-09-17 19:13:47.219136+00,,
610,6BBinbmBretqjJt,3,3,Abstractive,341,,,2024-09-17 19:13:52.417345+00,,
611,4mI9lIjKHyuqizb,3,3,Quoted,336,,,2024-09-17 19:13:53.421836+00,,
612,cDes1aVDZIV9RhP,3,1,Paraphrased,326,,,2024-09-17 19:13:54.21469+00,,
613,4mI9lIjKHyuqizb,3,3,Gemini,337,,,2024-09-17 19:14:01.323099+00,,
614,fSHVkyHSnBk9wvF,3,3,Abstractive,330,,,2024-09-17 19:14:03.34749+00,,
615,cDes1aVDZIV9RhP,1,1,Snippet,327,,,2024-09-17 19:14:19.932846+00,,
616,6BBinbmBretqjJt,2,1,Entailed,343,,,2024-09-17 19:14:21.276011+00,,
617,4mI9lIjKHyuqizb,3,3,Entailed,338,,,2024-09-17 19:14:24.667417+00,,
618,cDes1aVDZIV9RhP,3,3,Gemini,330,,,2024-09-17 19:14:25.606766+00,,
619,4mI9lIjKHyuqizb,3,3,Abstractive,339,,,2024-09-17 19:14:34.603093+00,,
620,6BBinbmBretqjJt,2,2,Snippet,345,,,2024-09-17 19:14:40.28249+00,,
621,4mI9lIjKHyuqizb,3,3,Post Hoc,340,,,2024-09-17 19:14:44.907023+00,,
622,4mI9lIjKHyuqizb,3,1,Snippet,341,,,2024-09-17 19:15:18.392878+00,,
623,fSHVkyHSnBk9wvF,3,3,Entailed,331,,,2024-09-17 19:15:25.771506+00,,
624,6BBinbmBretqjJt,3,3,Abstractive,344,,,2024-09-17 19:15:39.882777+00,,
625,fSHVkyHSnBk9wvF,3,3,Gemini,332,,,2024-09-17 19:15:40.442852+00,,
626,fSHVkyHSnBk9wvF,3,3,Gemini,332,,,2024-09-17 19:15:40.557784+00,,
627,4mI9lIjKHyuqizb,3,2,Paraphrased,343,,,2024-09-17 19:15:55.083165+00,,
628,6BBinbmBretqjJt,2,1,Paraphrased,347,,,2024-09-17 19:15:55.181435+00,,
629,4mI9lIjKHyuqizb,3,3,Gemini,344,,,2024-09-17 19:16:10.250153+00,,
630,6BBinbmBretqjJt,3,3,Gemini,348,,,2024-09-17 19:16:10.575892+00,,
631,fSHVkyHSnBk9wvF,3,3,Paraphrased,333,,,2024-09-17 19:16:16.056297+00,,
632,4mI9lIjKHyuqizb,3,3,Abstractive,345,,,2024-09-17 19:16:21.186142+00,,
633,fSHVkyHSnBk9wvF,3,1,Snippet,334,,,2024-09-17 19:16:37.068074+00,,
634,4mI9lIjKHyuqizb,3,1,Snippet,347,,,2024-09-17 19:16:41.434864+00,,
635,6BBinbmBretqjJt,3,3,Post Hoc,349,,,2024-09-17 19:16:42.052281+00,,
636,4mI9lIjKHyuqizb,3,3,Entailed,348,,,2024-09-17 19:16:52.529747+00,,
637,4mI9lIjKHyuqizb,3,3,Quoted,349,,,2024-09-17 19:16:59.079351+00,,
638,6BBinbmBretqjJt,3,3,Entailed,350,,,2024-09-17 19:17:01.695065+00,,
639,4mI9lIjKHyuqizb,3,3,Post Hoc,350,,,2024-09-17 19:17:12.110852+00,,
640,6BBinbmBretqjJt,3,2,Quoted,351,,,2024-09-17 19:17:38.543669+00,,
641,eQBKoJjNAPP7V6Z,1,1,Snippet,333,,,2024-09-17 19:17:45.079663+00,,
642,6BBinbmBretqjJt,2,3,Snippet,352,,,2024-09-17 19:17:54.03182+00,,
643,4mI9lIjKHyuqizb,3,3,Post Hoc,351,,,2024-09-17 19:18:00.800641+00,,
644,4mI9lIjKHyuqizb,3,3,Quoted,352,,,2024-09-17 19:18:07.2602+00,,
645,4mI9lIjKHyuqizb,3,3,Abstractive,353,,,2024-09-17 19:18:12.575945+00,,
646,4mI9lIjKHyuqizb,3,2,Paraphrased,354,,,2024-09-17 19:18:32.317878+00,,
647,4mI9lIjKHyuqizb,3,3,Entailed,355,,,2024-09-17 19:18:40.917672+00,,
648,4mI9lIjKHyuqizb,3,3,Gemini,356,,,2024-09-17 19:18:48.598389+00,,
649,eQBKoJjNAPP7V6Z,3,3,Post Hoc,334,,,2024-09-17 19:18:49.841102+00,,
650,eQBKoJjNAPP7V6Z,3,3,Entailed,335,,,2024-09-17 19:18:56.181211+00,,
651,eQBKoJjNAPP7V6Z,3,3,Paraphrased,336,,,2024-09-17 19:19:03.651244+00,,
652,eQBKoJjNAPP7V6Z,3,2,Abstractive,337,,,2024-09-17 19:19:16.622063+00,,
653,eQBKoJjNAPP7V6Z,1,1,Quoted,338,,,2024-09-17 19:19:38.939571+00,,
654,4mI9lIjKHyuqizb,3,1,Snippet,357,,,2024-09-17 19:19:39.596139+00,,
655,eQBKoJjNAPP7V6Z,3,3,Gemini,340,,,2024-09-17 19:19:51.660198+00,,
656,4mI9lIjKHyuqizb,3,1,Paraphrased,358,,,2024-09-17 19:20:21.703006+00,,
657,4mI9lIjKHyuqizb,3,3,Entailed,359,,,2024-09-17 19:20:30.186757+00,,
658,eQBKoJjNAPP7V6Z,3,3,Paraphrased,339,,,2024-09-17 19:20:30.592929+00,,
659,eQBKoJjNAPP7V6Z,3,3,Entailed,341,,,2024-09-17 19:20:37.228945+00,,
660,4mI9lIjKHyuqizb,3,3,Abstractive,360,,,2024-09-17 19:20:42.124368+00,,
661,4mI9lIjKHyuqizb,3,3,Gemini,361,,,2024-09-17 19:20:48.456371+00,,
662,4mI9lIjKHyuqizb,3,3,Post Hoc,362,,,2024-09-17 19:20:57.030645+00,,
663,eQBKoJjNAPP7V6Z,1,1,Snippet,343,,,2024-09-17 19:21:08.236069+00,,
664,4mI9lIjKHyuqizb,1,1,Snippet,363,,,2024-09-17 19:21:11.022277+00,,
665,eQBKoJjNAPP7V6Z,3,3,Post Hoc,344,,,2024-09-17 19:21:16.74424+00,,
666,eQBKoJjNAPP7V6Z,3,3,Gemini,345,,,2024-09-17 19:21:33.095678+00,,
667,4mI9lIjKHyuqizb,3,1,Quoted,365,,,2024-09-17 19:21:34.482117+00,,
668,eQBKoJjNAPP7V6Z,3,3,Abstractive,347,,,2024-09-17 19:21:44.017369+00,,
669,4mI9lIjKHyuqizb,3,3,Entailed,364,,,2024-09-17 19:22:17.010207+00,,
670,eQBKoJjNAPP7V6Z,1,1,Quoted,348,,,2024-09-17 19:22:17.574274+00,,
671,4mI9lIjKHyuqizb,3,3,Quoted,366,,,2024-09-17 19:22:25.162415+00,,
672,4mI9lIjKHyuqizb,3,1,Paraphrased,367,,,2024-09-17 19:22:37.698906+00,,
673,fSHVkyHSnBk9wvF,3,2,Snippet,335,,,2024-09-17 19:22:39.072267+00,,
674,4mI9lIjKHyuqizb,3,3,Gemini,368,,,2024-09-17 19:22:42.692122+00,,
675,fSHVkyHSnBk9wvF,3,3,Post Hoc,336,,,2024-09-17 19:22:54.174085+00,,
676,4mI9lIjKHyuqizb,3,1,Snippet,369,,,2024-09-17 19:22:54.719287+00,,
677,eQBKoJjNAPP7V6Z,3,3,Entailed,349,,,2024-09-17 19:22:59.74317+00,,
678,4mI9lIjKHyuqizb,3,3,Abstractive,372,,,2024-09-17 19:23:03.67969+00,,
679,eQBKoJjNAPP7V6Z,3,3,Gemini,350,,,2024-09-17 19:23:09.753653+00,,
680,4mI9lIjKHyuqizb,3,3,Post Hoc,373,,,2024-09-17 19:23:11.501308+00,,
681,fSHVkyHSnBk9wvF,3,3,Entailed,337,,,2024-09-17 19:23:13.658677+00,,
682,eQBKoJjNAPP7V6Z,3,3,Paraphrased,351,,,2024-09-17 19:23:21.367972+00,,
683,eQBKoJjNAPP7V6Z,3,3,Abstractive,352,,,2024-09-17 19:23:28.265617+00,,
684,6BBinbmBretqjJt,3,3,Gemini,353,,,2024-09-17 19:23:32.018208+00,,
685,eQBKoJjNAPP7V6Z,3,3,Quoted,353,,,2024-09-17 19:23:41.770952+00,,
686,4mI9lIjKHyuqizb,3,3,Gemini,375,,,2024-09-17 19:23:43.200149+00,,
687,fSHVkyHSnBk9wvF,3,3,Paraphrased,338,,,2024-09-17 19:23:45.432054+00,,
688,eQBKoJjNAPP7V6Z,1,1,Snippet,354,,,2024-09-17 19:23:49.007505+00,,
689,4mI9lIjKHyuqizb,3,2,Snippet,378,,,2024-09-17 19:23:58.10399+00,,
690,eQBKoJjNAPP7V6Z,3,3,Post Hoc,355,,,2024-09-17 19:24:05.083264+00,,
691,fSHVkyHSnBk9wvF,3,3,Quoted,339,,,2024-09-17 19:24:06.982827+00,,
692,4mI9lIjKHyuqizb,3,3,Entailed,379,,,2024-09-17 19:24:07.006225+00,,
693,4mI9lIjKHyuqizb,3,3,Quoted,383,,,2024-09-17 19:24:12.732006+00,,
694,4mI9lIjKHyuqizb,3,3,Abstractive,384,,,2024-09-17 19:24:22.007553+00,,
695,4mI9lIjKHyuqizb,3,3,Post Hoc,385,,,2024-09-17 19:24:28.409261+00,,
696,fSHVkyHSnBk9wvF,3,2,Abstractive,340,,,2024-09-17 19:24:31.571489+00,,
697,4mI9lIjKHyuqizb,3,3,Paraphrased,386,,,2024-09-17 19:24:36.329205+00,,
698,fSHVkyHSnBk9wvF,3,3,Gemini,341,,,2024-09-17 19:24:43.370547+00,,
699,4mI9lIjKHyuqizb,3,3,Quoted,386,,,2024-09-17 19:25:02.047747+00,,
700,eQBKoJjNAPP7V6Z,3,3,Abstractive,356,,,2024-09-17 19:25:06.333407+00,,
701,4mI9lIjKHyuqizb,3,1,Snippet,387,,,2024-09-17 19:25:10.552652+00,,
702,4mI9lIjKHyuqizb,3,3,Entailed,388,,,2024-09-17 19:25:15.294308+00,,
703,eQBKoJjNAPP7V6Z,3,3,Post Hoc,357,,,2024-09-17 19:25:16.999993+00,,
704,eQBKoJjNAPP7V6Z,3,3,Entailed,358,,,2024-09-17 19:25:24.056558+00,,
705,4mI9lIjKHyuqizb,3,3,Gemini,389,,,2024-09-17 19:25:26.081817+00,,
706,eQBKoJjNAPP7V6Z,3,3,Quoted,359,,,2024-09-17 19:25:31.677521+00,,
707,4mI9lIjKHyuqizb,3,3,Post Hoc,390,,,2024-09-17 19:25:35.519193+00,,
708,eQBKoJjNAPP7V6Z,3,3,Paraphrased,360,,,2024-09-17 19:25:39.445187+00,,
709,4mI9lIjKHyuqizb,3,3,Paraphrased,392,,,2024-09-17 19:25:43.990944+00,,
710,4mI9lIjKHyuqizb,3,3,Abstractive,393,,,2024-09-17 19:25:49.932746+00,,
711,eQBKoJjNAPP7V6Z,1,1,Snippet,361,,,2024-09-17 19:25:54.518865+00,,
712,eQBKoJjNAPP7V6Z,3,3,Gemini,362,,,2024-09-17 19:26:07.643933+00,,
713,fSHVkyHSnBk9wvF,3,3,Post Hoc,343,,,2024-09-17 19:26:37.06606+00,,
714,4mI9lIjKHyuqizb,1,1,Snippet,394,,,2024-09-17 19:26:42.438751+00,,
715,4mI9lIjKHyuqizb,3,3,Post Hoc,395,,,2024-09-17 19:26:48.222274+00,,
716,4mI9lIjKHyuqizb,3,3,Quoted,396,,,2024-09-17 19:26:56.904579+00,,
717,4mI9lIjKHyuqizb,3,3,Entailed,397,,,2024-09-17 19:27:05.8211+00,,
718,4mI9lIjKHyuqizb,3,3,Abstractive,398,,,2024-09-17 19:27:12.110727+00,,
719,eQBKoJjNAPP7V6Z,2,1,Quoted,363,,,2024-09-17 19:27:15.272301+00,,
720,fSHVkyHSnBk9wvF,3,3,Paraphrased,344,,,2024-09-17 19:27:20.388625+00,,
721,eQBKoJjNAPP7V6Z,3,3,Abstractive,364,,,2024-09-17 19:27:24.935782+00,,
722,4mI9lIjKHyuqizb,3,2,Paraphrased,399,,,2024-09-17 19:27:29.528055+00,,
723,eQBKoJjNAPP7V6Z,3,3,Gemini,365,,,2024-09-17 19:27:34.295354+00,,
724,4mI9lIjKHyuqizb,3,3,Gemini,400,,,2024-09-17 19:27:44.501655+00,,
725,fSHVkyHSnBk9wvF,3,3,Entailed,345,,,2024-09-17 19:27:48.801671+00,,
726,eQBKoJjNAPP7V6Z,3,3,Post Hoc,366,,,2024-09-17 19:27:50.744976+00,,
727,eQBKoJjNAPP7V6Z,3,3,Entailed,367,,,2024-09-17 19:28:04.014102+00,,
728,4mI9lIjKHyuqizb,3,3,Entailed,401,,,2024-09-17 19:28:10.905485+00,,
729,4mI9lIjKHyuqizb,3,3,Paraphrased,402,,,2024-09-17 19:28:16.5804+00,,
730,eQBKoJjNAPP7V6Z,3,3,Paraphrased,368,,,2024-09-17 19:28:18.403489+00,,
731,4mI9lIjKHyuqizb,3,3,Gemini,403,,,2024-09-17 19:28:20.725256+00,,
732,eQBKoJjNAPP7V6Z,1,1,Snippet,372,,,2024-09-17 19:28:25.449391+00,,
733,4mI9lIjKHyuqizb,3,3,Quoted,404,,,2024-09-17 19:28:25.583718+00,,
734,4mI9lIjKHyuqizb,3,1,Snippet,405,,,2024-09-17 19:28:39.223441+00,,
735,4mI9lIjKHyuqizb,3,3,Abstractive,407,,,2024-09-17 19:28:47.115979+00,,
736,4mI9lIjKHyuqizb,3,3,Post Hoc,408,,,2024-09-17 19:28:53.352273+00,,
737,eQBKoJjNAPP7V6Z,3,2,Quoted,369,,,2024-09-17 19:29:09.598457+00,,
738,eQBKoJjNAPP7V6Z,3,3,Paraphrased,373,,,2024-09-17 19:29:19.559827+00,,
739,eQBKoJjNAPP7V6Z,3,3,Post Hoc,375,,,2024-09-17 19:29:32.502226+00,,
740,eQBKoJjNAPP7V6Z,3,3,Abstractive,378,,,2024-09-17 19:29:50.228813+00,,
741,fSHVkyHSnBk9wvF,3,3,Quoted,347,,,2024-09-17 19:30:07.059282+00,,
742,eQBKoJjNAPP7V6Z,1,1,Snippet,379,,,2024-09-17 19:30:20.178843+00,,
743,4mI9lIjKHyuqizb,3,3,Entailed,409,,,2024-09-17 19:30:21.987849+00,,
744,eQBKoJjNAPP7V6Z,3,3,Entailed,383,,,2024-09-17 19:30:28.997377+00,,
745,4mI9lIjKHyuqizb,2,1,Snippet,411,,,2024-09-17 19:30:36.943795+00,,
746,4mI9lIjKHyuqizb,3,3,Paraphrased,412,,,2024-09-17 19:30:47.136261+00,,
747,eQBKoJjNAPP7V6Z,3,3,Gemini,384,,,2024-09-17 19:30:58.199856+00,,
748,4mI9lIjKHyuqizb,3,3,Post Hoc,414,,,2024-09-17 19:31:22.612536+00,,
749,fSHVkyHSnBk9wvF,3,1,Snippet,348,,,2024-09-17 19:31:23.658393+00,,
750,eQBKoJjNAPP7V6Z,3,3,Quoted,385,,,2024-09-17 19:31:26.701384+00,,
751,4mI9lIjKHyuqizb,3,3,Gemini,415,,,2024-09-17 19:31:28.203301+00,,
752,eQBKoJjNAPP7V6Z,3,3,Abstractive,386,,,2024-09-17 19:31:33.617738+00,,
753,4mI9lIjKHyuqizb,3,3,Abstractive,416,,,2024-09-17 19:31:35.130179+00,,
754,eQBKoJjNAPP7V6Z,3,3,Paraphrased,387,,,2024-09-17 19:31:38.111375+00,,
755,fSHVkyHSnBk9wvF,3,3,Abstractive,349,,,2024-09-17 19:31:38.115611+00,,
756,eQBKoJjNAPP7V6Z,3,3,Gemini,388,,,2024-09-17 19:31:45.53814+00,,
757,4mI9lIjKHyuqizb,2,1,Quoted,417,,,2024-09-17 19:31:46.468623+00,,
758,fSHVkyHSnBk9wvF,3,3,Gemini,351,,,2024-09-17 19:31:48.508829+00,,
759,eQBKoJjNAPP7V6Z,1,1,Snippet,389,,,2024-09-17 19:31:51.640378+00,,
760,eQBKoJjNAPP7V6Z,3,3,Entailed,390,,,2024-09-17 19:32:01.221134+00,,
761,GtOfZ643zgjE0av,3,3,Quoted,329,,,2024-09-17 19:32:09.357102+00,,
762,eQBKoJjNAPP7V6Z,3,3,Post Hoc,392,,,2024-09-17 19:32:11.993378+00,,
763,GtOfZ643zgjE0av,3,3,Entailed,336,,,2024-09-17 19:32:25.334815+00,,
764,GtOfZ643zgjE0av,3,3,Post Hoc,337,,,2024-09-17 19:32:41.238259+00,,
765,4mI9lIjKHyuqizb,3,3,Gemini,418,,,2024-09-17 19:32:45.053583+00,,
766,eQBKoJjNAPP7V6Z,3,3,Paraphrased,393,,,2024-09-17 19:32:52.600663+00,,
767,eQBKoJjNAPP7V6Z,3,3,Entailed,394,,,2024-09-17 19:33:01.56382+00,,
768,eQBKoJjNAPP7V6Z,3,3,Abstractive,395,,,2024-09-17 19:33:06.968695+00,,
769,GtOfZ643zgjE0av,3,3,Abstractive,338,,,2024-09-17 19:33:09.800155+00,,
770,eQBKoJjNAPP7V6Z,3,3,Gemini,396,,,2024-09-17 19:33:15.339297+00,,
771,fSHVkyHSnBk9wvF,3,1,Snippet,350,,,2024-09-17 19:33:34.383109+00,,
772,eQBKoJjNAPP7V6Z,2,2,Quoted,397,,,2024-09-17 19:33:34.837531+00,,
773,eQBKoJjNAPP7V6Z,3,3,Post Hoc,398,,,2024-09-17 19:33:43.158573+00,,
774,eQBKoJjNAPP7V6Z,1,1,Snippet,399,,,2024-09-17 19:33:49.386573+00,,
775,GtOfZ643zgjE0av,1,1,Snippet,339,,,2024-09-17 19:33:52.850834+00,,
776,fSHVkyHSnBk9wvF,3,3,Entailed,352,,,2024-09-17 19:33:59.475618+00,,
777,GtOfZ643zgjE0av,3,3,Gemini,343,,,2024-09-17 19:34:06.266106+00,,
778,4mI9lIjKHyuqizb,3,3,Post Hoc,419,,,2024-09-17 19:34:15.615648+00,,
779,fSHVkyHSnBk9wvF,3,3,Post Hoc,353,,,2024-09-17 19:34:23.364622+00,,
780,4mI9lIjKHyuqizb,3,1,Snippet,420,,,2024-09-17 19:34:25.384033+00,,
781,GtOfZ643zgjE0av,3,3,Paraphrased,345,,,2024-09-17 19:34:28.662135+00,,
782,eQBKoJjNAPP7V6Z,1,1,Paraphrased,400,,,2024-09-17 19:34:30.240958+00,,
783,eQBKoJjNAPP7V6Z,3,3,Post Hoc,401,,,2024-09-17 19:34:37.901616+00,,
784,4mI9lIjKHyuqizb,3,3,Entailed,421,,,2024-09-17 19:34:41.010967+00,,
785,fSHVkyHSnBk9wvF,3,3,Gemini,359,,,2024-09-17 19:34:45.222439+00,,
786,eQBKoJjNAPP7V6Z,3,3,Entailed,402,,,2024-09-17 19:34:49.697858+00,,
787,4mI9lIjKHyuqizb,3,3,Quoted,423,,,2024-09-17 19:34:52.651432+00,,
788,eQBKoJjNAPP7V6Z,3,3,Abstractive,403,,,2024-09-17 19:34:56.802605+00,,
789,eQBKoJjNAPP7V6Z,3,3,Gemini,404,,,2024-09-17 19:35:04.395049+00,,
790,GtOfZ643zgjE0av,3,3,Entailed,340,,,2024-09-17 19:35:08.839243+00,,
791,eQBKoJjNAPP7V6Z,3,3,Quoted,405,,,2024-09-17 19:35:15.458986+00,,
792,fSHVkyHSnBk9wvF,3,2,Quoted,361,,,2024-09-17 19:35:22.678776+00,,
793,GtOfZ643zgjE0av,3,3,Quoted,341,,,2024-09-17 19:35:26.571616+00,,
794,eQBKoJjNAPP7V6Z,2,1,Snippet,407,,,2024-09-17 19:35:37.679237+00,,
795,GtOfZ643zgjE0av,3,3,Post Hoc,347,,,2024-09-17 19:35:39.778049+00,,
796,fSHVkyHSnBk9wvF,3,3,Abstractive,362,,,2024-09-17 19:35:43.404813+00,,
797,fSHVkyHSnBk9wvF,3,3,Paraphrased,363,,,2024-09-17 19:35:59.577552+00,,
798,GtOfZ643zgjE0av,3,3,Paraphrased,348,,,2024-09-17 19:36:11.251223+00,,
799,4mI9lIjKHyuqizb,3,3,Paraphrased,425,,,2024-09-17 19:36:14.959549+00,,
800,eQBKoJjNAPP7V6Z,3,3,Abstractive,408,,,2024-09-17 19:36:19.021135+00,,
801,eQBKoJjNAPP7V6Z,1,1,Snippet,409,,,2024-09-17 19:36:29.542554+00,,
802,GtOfZ643zgjE0av,1,1,Snippet,349,,,2024-09-17 19:36:42.166164+00,,
803,fSHVkyHSnBk9wvF,1,1,Snippet,360,,,2024-09-17 19:36:48.049536+00,,
804,GtOfZ643zgjE0av,3,3,Abstractive,350,,,2024-09-17 19:36:57.787238+00,,
805,fSHVkyHSnBk9wvF,3,3,Post Hoc,364,,,2024-09-17 19:36:58.440076+00,,
806,eQBKoJjNAPP7V6Z,1,1,Quoted,411,,,2024-09-17 19:37:09.920758+00,,
807,GtOfZ643zgjE0av,3,3,Gemini,363,,,2024-09-17 19:37:16.169521+00,,
808,eQBKoJjNAPP7V6Z,3,3,Post Hoc,412,,,2024-09-17 19:37:19.891714+00,,
809,4mI9lIjKHyuqizb,3,3,Abstractive,426,,,2024-09-17 19:37:24.784914+00,,
810,fSHVkyHSnBk9wvF,3,3,Abstractive,365,,,2024-09-17 19:37:33.703715+00,,
811,eQBKoJjNAPP7V6Z,3,3,Entailed,414,,,2024-09-17 19:37:37.697263+00,,
812,eQBKoJjNAPP7V6Z,3,3,Paraphrased,415,,,2024-09-17 19:37:45.563893+00,,
813,fSHVkyHSnBk9wvF,3,3,Gemini,366,,,2024-09-17 19:37:51.599278+00,,
814,GtOfZ643zgjE0av,3,3,Quoted,344,,,2024-09-17 19:38:01.270718+00,,
815,fSHVkyHSnBk9wvF,3,3,Quoted,367,,,2024-09-17 19:38:01.601767+00,,
816,eQBKoJjNAPP7V6Z,3,3,Gemini,416,,,2024-09-17 19:38:02.77645+00,,
817,GtOfZ643zgjE0av,3,3,Entailed,351,,,2024-09-17 19:38:17.263855+00,,
818,4mI9lIjKHyuqizb,3,3,Entailed,427,,,2024-09-17 19:38:22.926978+00,,
819,4mI9lIjKHyuqizb,3,3,Post Hoc,428,,,2024-09-17 19:38:30.138605+00,,
820,GtOfZ643zgjE0av,3,3,Post Hoc,352,,,2024-09-17 19:38:37.601045+00,,
821,eQBKoJjNAPP7V6Z,3,3,Abstractive,417,,,2024-09-17 19:38:40.421724+00,,
822,fSHVkyHSnBk9wvF,3,2,Entailed,368,,,2024-09-17 19:39:03.398994+00,,
823,GtOfZ643zgjE0av,1,1,Snippet,353,,,2024-09-17 19:39:13.474298+00,,
824,eQBKoJjNAPP7V6Z,2,1,Snippet,418,,,2024-09-17 19:39:13.800982+00,,
825,fSHVkyHSnBk9wvF,3,3,Paraphrased,369,,,2024-09-17 19:39:18.147159+00,,
826,GtOfZ643zgjE0av,3,3,Paraphrased,364,,,2024-09-17 19:39:31.764047+00,,
827,eQBKoJjNAPP7V6Z,3,1,Entailed,419,,,2024-09-17 19:39:37.979197+00,,
828,GtOfZ643zgjE0av,3,3,Abstractive,366,,,2024-09-17 19:39:46.861472+00,,
829,eQBKoJjNAPP7V6Z,3,1,Quoted,420,,,2024-09-17 19:39:52.889509+00,,
830,GtOfZ643zgjE0av,3,3,Gemini,367,,,2024-09-17 19:39:58.466294+00,,
831,eQBKoJjNAPP7V6Z,3,3,Paraphrased,421,,,2024-09-17 19:40:06.534993+00,,
832,eQBKoJjNAPP7V6Z,3,3,Post Hoc,423,,,2024-09-17 19:40:19.287762+00,,
833,eQBKoJjNAPP7V6Z,3,3,Gemini,425,,,2024-09-17 19:40:28.834029+00,,
834,4mI9lIjKHyuqizb,3,3,Snippet,430,,,2024-09-17 19:40:56.149264+00,,
835,eQBKoJjNAPP7V6Z,3,3,Gemini,426,,,2024-09-17 19:41:04.582352+00,,
836,4mI9lIjKHyuqizb,3,3,Paraphrased,431,,,2024-09-17 19:41:05.056499+00,,
837,4mI9lIjKHyuqizb,3,3,Abstractive,432,,,2024-09-17 19:41:11.43973+00,,
838,eQBKoJjNAPP7V6Z,3,3,Quoted,427,,,2024-09-17 19:41:13.114499+00,,
839,eQBKoJjNAPP7V6Z,1,1,Snippet,428,,,2024-09-17 19:41:19.693677+00,,
840,4mI9lIjKHyuqizb,3,3,Quoted,436,,,2024-09-17 19:41:24.625883+00,,
841,4mI9lIjKHyuqizb,3,3,Gemini,438,,,2024-09-17 19:41:34.064168+00,,
842,eQBKoJjNAPP7V6Z,3,3,Post Hoc,430,,,2024-09-17 19:41:39.037876+00,,
843,eQBKoJjNAPP7V6Z,3,3,Abstractive,431,,,2024-09-17 19:42:23.401495+00,,
844,4mI9lIjKHyuqizb,3,3,Gemini,439,,,2024-09-17 19:42:30.392589+00,,
845,eQBKoJjNAPP7V6Z,3,3,Paraphrased,432,,,2024-09-17 19:42:37.446892+00,,
846,eQBKoJjNAPP7V6Z,3,3,Entailed,436,,,2024-09-17 19:42:44.141539+00,,
847,fSHVkyHSnBk9wvF,3,3,Quoted,372,,,2024-09-17 19:43:21.790921+00,,
848,eQBKoJjNAPP7V6Z,3,3,Post Hoc,438,,,2024-09-17 19:43:23.550283+00,,
849,eQBKoJjNAPP7V6Z,3,3,Gemini,441,,,2024-09-17 19:43:38.835258+00,,
850,GtOfZ643zgjE0av,1,1,Quoted,362,,,2024-09-17 19:43:47.366397+00,,
851,4mI9lIjKHyuqizb,3,3,Gemini,440,,,2024-09-17 19:43:48.646181+00,,
852,fSHVkyHSnBk9wvF,3,3,Entailed,373,,,2024-09-17 19:44:07.057495+00,,
853,eQBKoJjNAPP7V6Z,3,3,Gemini,442,,,2024-09-17 19:44:19.678787+00,,
854,GtOfZ643zgjE0av,3,1,Paraphrased,365,,,2024-09-17 19:44:19.682397+00,,
855,4mI9lIjKHyuqizb,3,3,Gemini,443,,,2024-09-17 19:44:33.291759+00,,
856,GtOfZ643zgjE0av,3,3,Post Hoc,368,,,2024-09-17 19:44:34.03877+00,,
857,GtOfZ643zgjE0av,3,3,Abstractive,369,,,2024-09-17 19:44:44.54722+00,,
858,GtOfZ643zgjE0av,3,3,Gemini,372,,,2024-09-17 19:45:07.565676+00,,
859,GtOfZ643zgjE0av,3,3,Entailed,375,,,2024-09-17 19:45:17.821643+00,,
860,fSHVkyHSnBk9wvF,2,1,Snippet,375,,,2024-09-17 19:45:19.621826+00,,
861,GtOfZ643zgjE0av,2,2,Snippet,383,,,2024-09-17 19:45:53.973832+00,,
862,KHdznSlY7WjzguP,1,1,Snippet,338,,,2024-09-17 19:45:58.565319+00,,
863,KHdznSlY7WjzguP,3,3,Post Hoc,341,,,2024-09-17 19:46:14.220664+00,,
864,KHdznSlY7WjzguP,3,3,Abstractive,343,,,2024-09-17 19:46:22.681172+00,,
865,GtOfZ643zgjE0av,3,3,Gemini,373,,,2024-09-17 19:46:38.302083+00,,
866,KHdznSlY7WjzguP,3,3,Entailed,344,,,2024-09-17 19:46:54.23595+00,,
867,GtOfZ643zgjE0av,3,3,Paraphrased,378,,,2024-09-17 19:47:11.729991+00,,
868,KHdznSlY7WjzguP,1,2,Quoted,345,,,2024-09-17 19:47:26.680103+00,,
869,GtOfZ643zgjE0av,3,3,Quoted,379,,,2024-09-17 19:47:32.852385+00,,
870,KHdznSlY7WjzguP,3,3,Gemini,347,,,2024-09-17 19:47:43.543654+00,,
871,fSHVkyHSnBk9wvF,3,3,Post Hoc,378,,,2024-09-17 19:47:53.056283+00,,
872,GtOfZ643zgjE0av,1,1,Snippet,384,,,2024-09-17 19:47:55.144288+00,,
873,fSHVkyHSnBk9wvF,3,3,Paraphrased,379,,,2024-09-17 19:48:12.553536+00,,
874,KHdznSlY7WjzguP,3,3,Paraphrased,349,,,2024-09-17 19:48:14.484709+00,,
875,GtOfZ643zgjE0av,3,3,Abstractive,385,,,2024-09-17 19:48:18.965858+00,,
876,GtOfZ643zgjE0av,3,3,Post Hoc,386,,,2024-09-17 19:48:33.381335+00,,
877,cDes1aVDZIV9RhP,3,3,Abstractive,329,,,2024-09-17 19:48:54.037134+00,,
878,cDes1aVDZIV9RhP,1,1,Snippet,340,,,2024-09-17 19:48:58.942533+00,,
879,GtOfZ643zgjE0av,3,3,Entailed,389,,,2024-09-17 19:49:03.513689+00,,
880,cDes1aVDZIV9RhP,3,3,Post Hoc,348,,,2024-09-17 19:49:05.949268+00,,
881,fSHVkyHSnBk9wvF,3,3,Abstractive,383,,,2024-09-17 19:49:12.682855+00,,
882,cDes1aVDZIV9RhP,3,3,Paraphrased,350,,,2024-09-17 19:49:22.244621+00,,
883,fSHVkyHSnBk9wvF,3,3,Gemini,385,,,2024-09-17 19:49:36.636994+00,,
884,cDes1aVDZIV9RhP,2,3,Entailed,353,,,2024-09-17 19:49:55.121302+00,,
885,cDes1aVDZIV9RhP,3,3,Gemini,364,,,2024-09-17 19:50:11.896768+00,,
886,cDes1aVDZIV9RhP,3,3,Quoted,368,,,2024-09-17 19:50:30.32473+00,,
887,fSHVkyHSnBk9wvF,3,3,Entailed,384,,,2024-09-17 19:51:42.980976+00,,
888,fSHVkyHSnBk9wvF,2,1,Snippet,386,,,2024-09-17 19:52:11.06673+00,,
889,fSHVkyHSnBk9wvF,2,1,Snippet,386,,,2024-09-17 19:52:11.16544+00,,
890,KHdznSlY7WjzguP,3,3,Abstractive,351,,,2024-09-17 19:52:23.282235+00,,
891,fSHVkyHSnBk9wvF,3,3,Quoted,387,,,2024-09-17 19:52:31.178095+00,,
892,KHdznSlY7WjzguP,3,3,Paraphrased,352,,,2024-09-17 19:52:35.334521+00,,
893,KHdznSlY7WjzguP,3,2,Entailed,363,,,2024-09-17 19:52:56.58692+00,,
894,KHdznSlY7WjzguP,3,1,Snippet,364,,,2024-09-17 19:53:31.047846+00,,
895,fSHVkyHSnBk9wvF,3,3,Post Hoc,388,,,2024-09-17 19:53:31.590977+00,,
896,KHdznSlY7WjzguP,3,3,Post Hoc,367,,,2024-09-17 19:54:13.124949+00,,
897,fSHVkyHSnBk9wvF,3,3,Abstractive,389,,,2024-09-17 19:54:21.589697+00,,
898,KHdznSlY7WjzguP,3,3,Quoted,373,,,2024-09-17 19:54:31.111337+00,,
899,fSHVkyHSnBk9wvF,3,3,Gemini,390,,,2024-09-17 19:54:40.746147+00,,
900,KHdznSlY7WjzguP,3,3,Gemini,383,,,2024-09-17 19:54:46.681973+00,,
901,fSHVkyHSnBk9wvF,3,3,Paraphrased,394,,,2024-09-17 19:54:59.958149+00,,
902,cDes1aVDZIV9RhP,3,1,Snippet,365,,,2024-09-17 19:55:22.723927+00,,
903,cDes1aVDZIV9RhP,3,3,Entailed,366,,,2024-09-17 19:55:32.151218+00,,
904,cDes1aVDZIV9RhP,3,3,Post Hoc,369,,,2024-09-17 19:55:57.026845+00,,
905,cDes1aVDZIV9RhP,2,1,Paraphrased,372,,,2024-09-17 19:56:18.440967+00,,
906,cDes1aVDZIV9RhP,3,3,Abstractive,373,,,2024-09-17 19:56:24.61716+00,,
907,cDes1aVDZIV9RhP,3,3,Quoted,375,,,2024-09-17 19:56:30.91002+00,,
908,cDes1aVDZIV9RhP,3,3,Gemini,387,,,2024-09-17 19:57:00.599404+00,,
909,fSHVkyHSnBk9wvF,1,1,Snippet,392,,,2024-09-17 19:57:01.165133+00,,
910,fSHVkyHSnBk9wvF,3,3,Quoted,393,,,2024-09-17 19:57:43.676441+00,,
911,cDes1aVDZIV9RhP,1,1,Snippet,367,,,2024-09-17 19:57:52.82209+00,,
912,fSHVkyHSnBk9wvF,3,3,Paraphrased,395,,,2024-09-17 19:57:55.931154+00,,
913,cDes1aVDZIV9RhP,3,3,Entailed,378,,,2024-09-17 19:57:58.965195+00,,
914,cDes1aVDZIV9RhP,3,3,Post Hoc,379,,,2024-09-17 19:58:05.618457+00,,
915,fSHVkyHSnBk9wvF,3,3,Abstractive,396,,,2024-09-17 19:58:25.073501+00,,
916,cDes1aVDZIV9RhP,3,3,Quoted,384,,,2024-09-17 19:58:32.996639+00,,
917,cDes1aVDZIV9RhP,3,3,Paraphrased,385,,,2024-09-17 19:58:44.158944+00,,
918,cDes1aVDZIV9RhP,3,3,Abstractive,390,,,2024-09-17 19:58:55.000914+00,,
919,fSHVkyHSnBk9wvF,3,3,Post Hoc,397,,,2024-09-17 19:59:03.086185+00,,
920,fSHVkyHSnBk9wvF,3,3,Entailed,398,,,2024-09-17 19:59:34.220234+00,,
921,fSHVkyHSnBk9wvF,3,3,Gemini,399,,,2024-09-17 19:59:50.003112+00,,
922,cDes1aVDZIV9RhP,3,3,Gemini,392,,,2024-09-17 20:00:07.374099+00,,
923,cDes1aVDZIV9RhP,3,3,Post Hoc,383,,,2024-09-17 20:00:58.053056+00,,
924,cDes1aVDZIV9RhP,3,3,Entailed,386,,,2024-09-17 20:01:15.845121+00,,
925,cDes1aVDZIV9RhP,3,3,Quoted,388,,,2024-09-17 20:01:30.568814+00,,
926,cDes1aVDZIV9RhP,3,3,Gemini,393,,,2024-09-17 20:01:44.144473+00,,
927,cDes1aVDZIV9RhP,3,3,Abstractive,394,,,2024-09-17 20:01:56.772627+00,,
928,fSHVkyHSnBk9wvF,3,3,Abstractive,400,,,2024-09-17 20:02:38.635707+00,,
929,cDes1aVDZIV9RhP,1,1,Snippet,395,,,2024-09-17 20:03:03.340792+00,,
930,cDes1aVDZIV9RhP,3,3,Paraphrased,397,,,2024-09-17 20:03:16.172669+00,,
931,KHdznSlY7WjzguP,3,1,Snippet,366,,,2024-09-17 20:03:55.487767+00,,
932,KHdznSlY7WjzguP,3,3,Abstractive,368,,,2024-09-17 20:04:06.109302+00,,
933,KHdznSlY7WjzguP,3,3,Entailed,369,,,2024-09-17 20:04:16.770717+00,,
934,KHdznSlY7WjzguP,3,3,Post Hoc,372,,,2024-09-17 20:04:25.53341+00,,
935,KHdznSlY7WjzguP,3,3,Paraphrased,375,,,2024-09-17 20:04:40.638798+00,,
936,KHdznSlY7WjzguP,2,1,Quoted,389,,,2024-09-17 20:05:11.004531+00,,
937,KHdznSlY7WjzguP,3,2,Gemini,395,,,2024-09-17 20:05:36.504857+00,,
938,fSHVkyHSnBk9wvF,3,3,Gemini,401,,,2024-09-17 20:05:41.466195+00,,
939,daVGltvlFMbqwPt,1,3,Abstractive,379,,,2024-09-17 20:05:44.315726+00,,
940,fSHVkyHSnBk9wvF,1,1,Snippet,402,,,2024-09-17 20:05:58.773566+00,,
941,KHdznSlY7WjzguP,3,3,Abstractive,387,,,2024-09-17 20:06:11.916783+00,,
942,fSHVkyHSnBk9wvF,3,3,Quoted,403,,,2024-09-17 20:06:13.63082+00,,
943,KHdznSlY7WjzguP,3,3,Paraphrased,388,,,2024-09-17 20:06:24.500728+00,,
944,fSHVkyHSnBk9wvF,3,3,Post Hoc,404,,,2024-09-17 20:06:26.601189+00,,
945,fSHVkyHSnBk9wvF,3,3,Entailed,405,,,2024-09-17 20:06:38.265313+00,,
946,KHdznSlY7WjzguP,3,1,Snippet,390,,,2024-09-17 20:06:42.016931+00,,
947,fSHVkyHSnBk9wvF,3,3,Paraphrased,407,,,2024-09-17 20:06:44.677129+00,,
948,KHdznSlY7WjzguP,3,3,Post Hoc,394,,,2024-09-17 20:07:44.735007+00,,
949,KHdznSlY7WjzguP,3,3,Entailed,396,,,2024-09-17 20:07:58.023612+00,,
950,fSHVkyHSnBk9wvF,1,1,Snippet,408,,,2024-09-17 20:08:31.892177+00,,
951,fSHVkyHSnBk9wvF,3,3,Gemini,409,,,2024-09-17 20:09:26.24582+00,,
952,KHdznSlY7WjzguP,2,3,Quoted,398,,,2024-09-17 20:09:47.972025+00,,
953,fSHVkyHSnBk9wvF,3,3,Entailed,411,,,2024-09-17 20:09:55.183712+00,,
954,fSHVkyHSnBk9wvF,3,3,Abstractive,412,,,2024-09-17 20:10:19.558928+00,,
955,fSHVkyHSnBk9wvF,3,3,Quoted,414,,,2024-09-17 20:10:39.924625+00,,
956,fSHVkyHSnBk9wvF,3,3,Post Hoc,415,,,2024-09-17 20:10:50.027076+00,,
957,KHdznSlY7WjzguP,3,3,Gemini,405,,,2024-09-17 20:10:52.360837+00,,
958,fSHVkyHSnBk9wvF,3,3,Paraphrased,416,,,2024-09-17 20:11:03.565312+00,,
959,fSHVkyHSnBk9wvF,3,3,Post Hoc,417,,,2024-09-17 20:12:07.895732+00,,
960,fSHVkyHSnBk9wvF,3,3,Abstractive,418,,,2024-09-17 20:12:14.410629+00,,
961,fSHVkyHSnBk9wvF,1,1,Snippet,419,,,2024-09-17 20:12:23.032341+00,,
962,fSHVkyHSnBk9wvF,3,3,Paraphrased,420,,,2024-09-17 20:12:37.030054+00,,
963,fSHVkyHSnBk9wvF,3,3,Gemini,421,,,2024-09-17 20:12:47.688987+00,,
964,fSHVkyHSnBk9wvF,3,3,Entailed,423,,,2024-09-17 20:12:54.456863+00,,
965,fSHVkyHSnBk9wvF,3,3,Quoted,425,,,2024-09-17 20:13:02.067797+00,,
966,fSHVkyHSnBk9wvF,3,3,Post Hoc,426,,,2024-09-17 20:13:49.878245+00,,
967,fSHVkyHSnBk9wvF,3,3,Gemini,427,,,2024-09-17 20:14:02.880392+00,,
968,fSHVkyHSnBk9wvF,3,3,Entailed,428,,,2024-09-17 20:14:09.929972+00,,
969,fSHVkyHSnBk9wvF,3,3,Quoted,430,,,2024-09-17 20:14:17.670294+00,,
970,fSHVkyHSnBk9wvF,3,1,Snippet,431,,,2024-09-17 20:14:27.649375+00,,
971,fSHVkyHSnBk9wvF,3,3,Abstractive,436,,,2024-09-17 20:14:34.573243+00,,
972,fSHVkyHSnBk9wvF,3,3,Paraphrased,438,,,2024-09-17 20:14:41.525429+00,,
973,PEAH1lnh4822jH3,3,3,Quoted,395,,,2024-09-17 20:22:31.354524+00,,
974,PEAH1lnh4822jH3,1,1,Snippet,396,,,2024-09-17 20:22:48.406103+00,,
975,PEAH1lnh4822jH3,3,3,Paraphrased,398,,,2024-09-17 20:23:06.25661+00,,
976,PEAH1lnh4822jH3,3,3,Entailed,399,,,2024-09-17 20:23:12.520381+00,,
977,PEAH1lnh4822jH3,3,3,Post Hoc,400,,,2024-09-17 20:23:22.58585+00,,
978,PEAH1lnh4822jH3,3,3,Abstractive,401,,,2024-09-17 20:23:29.204044+00,,
979,PEAH1lnh4822jH3,3,3,Gemini,407,,,2024-09-17 20:23:35.257736+00,,
980,PEAH1lnh4822jH3,3,1,Snippet,397,,,2024-09-17 20:24:05.375291+00,,
981,PEAH1lnh4822jH3,3,3,Post Hoc,402,,,2024-09-17 20:24:13.970046+00,,
982,PEAH1lnh4822jH3,3,3,Paraphrased,403,,,2024-09-17 20:24:18.488039+00,,
983,PEAH1lnh4822jH3,3,3,Entailed,404,,,2024-09-17 20:24:24.059613+00,,
984,PEAH1lnh4822jH3,3,3,Abstractive,405,,,2024-09-17 20:24:31.356033+00,,
985,PEAH1lnh4822jH3,3,1,Gemini,408,,,2024-09-17 20:24:47.689094+00,,
986,PEAH1lnh4822jH3,3,2,Quoted,409,,,2024-09-17 20:25:00.25393+00,,
987,PEAH1lnh4822jH3,3,3,Gemini,411,,,2024-09-17 20:25:29.438183+00,,
988,PEAH1lnh4822jH3,1,2,Snippet,412,,,2024-09-17 20:25:42.72215+00,,
989,PEAH1lnh4822jH3,3,3,Abstractive,414,,,2024-09-17 20:25:53.282459+00,,
990,PEAH1lnh4822jH3,3,3,Entailed,415,,,2024-09-17 20:25:59.034364+00,,
991,PEAH1lnh4822jH3,3,3,Quoted,416,,,2024-09-17 20:26:04.646432+00,,
992,PEAH1lnh4822jH3,3,1,Paraphrased,417,,,2024-09-17 20:26:13.214937+00,,
993,PEAH1lnh4822jH3,3,3,Post Hoc,418,,,2024-09-17 20:26:21.132835+00,,
994,KHdznSlY7WjzguP,3,3,Abstractive,399,,,2024-09-17 20:30:01.29719+00,,
995,KHdznSlY7WjzguP,3,3,Entailed,400,,,2024-09-17 20:31:22.110783+00,,
996,KHdznSlY7WjzguP,3,3,Paraphrased,401,,,2024-09-17 20:32:19.126446+00,,
997,KHdznSlY7WjzguP,3,1,Quoted,402,,,2024-09-17 20:32:35.403875+00,,
998,KHdznSlY7WjzguP,3,3,Post Hoc,403,,,2024-09-17 20:33:15.907898+00,,
999,KHdznSlY7WjzguP,1,1,Snippet,404,,,2024-09-17 20:33:52.731708+00,,
1000,KHdznSlY7WjzguP,3,3,Gemini,412,,,2024-09-17 20:35:11.288303+00,,
1001,KHdznSlY7WjzguP,3,3,Post Hoc,407,,,2024-09-17 20:36:52.666462+00,,
1002,KHdznSlY7WjzguP,2,1,Paraphrased,408,,,2024-09-17 20:37:08.602691+00,,
1003,KHdznSlY7WjzguP,3,3,Abstractive,409,,,2024-09-17 20:37:29.681933+00,,
1004,KHdznSlY7WjzguP,1,1,Snippet,414,,,2024-09-17 20:38:09.184364+00,,
1005,KHdznSlY7WjzguP,3,3,Quoted,415,,,2024-09-17 20:38:17.001294+00,,
1006,KHdznSlY7WjzguP,3,3,Entailed,416,,,2024-09-17 20:38:26.066428+00,,
1007,KHdznSlY7WjzguP,3,3,Gemini,417,,,2024-09-17 20:38:40.961249+00,,
1008,KHdznSlY7WjzguP,3,2,Abstractive,411,,,2024-09-17 20:39:32.179792+00,,
1009,KHdznSlY7WjzguP,3,3,Entailed,418,,,2024-09-17 20:39:42.710052+00,,
1010,KHdznSlY7WjzguP,1,1,Quoted,419,,,2024-09-17 20:40:02.612127+00,,
1011,KHdznSlY7WjzguP,3,3,Gemini,420,,,2024-09-17 20:42:00.809686+00,,
1012,KHdznSlY7WjzguP,1,1,Snippet,421,,,2024-09-17 20:42:44.630585+00,,
1013,KHdznSlY7WjzguP,3,3,Paraphrased,423,,,2024-09-17 20:42:57.072688+00,,
1014,KHdznSlY7WjzguP,3,3,Post Hoc,425,,,2024-09-17 20:43:06.683339+00,,
1015,cDes1aVDZIV9RhP,3,3,Post Hoc,396,,,2024-09-17 20:44:43.988838+00,,
1016,cDes1aVDZIV9RhP,3,1,Snippet,398,,,2024-09-17 20:44:54.583931+00,,
1017,cDes1aVDZIV9RhP,3,1,Quoted,399,,,2024-09-17 20:45:05.316995+00,,
1018,cDes1aVDZIV9RhP,3,3,Abstractive,402,,,2024-09-17 20:45:16.917997+00,,
1019,cDes1aVDZIV9RhP,3,3,Entailed,403,,,2024-09-17 20:45:22.919844+00,,
1020,cDes1aVDZIV9RhP,3,3,Paraphrased,404,,,2024-09-17 20:45:27.316525+00,,
1021,cDes1aVDZIV9RhP,3,3,Gemini,414,,,2024-09-17 20:45:44.227233+00,,
1022,JDbKqDU0kVcpzSa,1,1,Snippet,403,,,2024-09-17 20:48:29.407104+00,,
1023,cDes1aVDZIV9RhP,3,2,Quoted,400,,,2024-09-17 20:48:43.596848+00,,
1024,JDbKqDU0kVcpzSa,3,3,Abstractive,404,,,2024-09-17 20:49:03.761528+00,,
1025,cDes1aVDZIV9RhP,3,1,Snippet,401,,,2024-09-17 20:49:29.291725+00,,
1026,JDbKqDU0kVcpzSa,3,3,Post Hoc,405,,,2024-09-17 20:50:07.372799+00,,
1027,cDes1aVDZIV9RhP,2,2,Paraphrased,405,,,2024-09-17 20:50:14.901376+00,,
1028,JDbKqDU0kVcpzSa,3,3,Quoted,407,,,2024-09-17 20:51:10.161769+00,,
1029,cDes1aVDZIV9RhP,3,2,Entailed,407,,,2024-09-17 20:51:16.807759+00,,
1030,cDes1aVDZIV9RhP,3,3,Post Hoc,409,,,2024-09-17 20:52:52.19808+00,,
1031,JDbKqDU0kVcpzSa,3,3,Entailed,408,,,2024-09-17 20:52:57.516314+00,,
1032,cDes1aVDZIV9RhP,3,3,Abstractive,415,,,2024-09-17 20:53:02.435231+00,,
1033,cDes1aVDZIV9RhP,3,3,Gemini,419,,,2024-09-17 20:53:11.1359+00,,
1034,JDbKqDU0kVcpzSa,3,3,Paraphrased,409,,,2024-09-17 20:53:27.226024+00,,
1035,cDes1aVDZIV9RhP,3,1,Quoted,408,,,2024-09-17 20:54:24.619246+00,,
1036,JDbKqDU0kVcpzSa,3,3,Gemini,423,,,2024-09-17 20:54:36.852317+00,,
1037,cDes1aVDZIV9RhP,3,3,Post Hoc,411,,,2024-09-17 20:54:38.648224+00,,
1038,cDes1aVDZIV9RhP,3,3,Entailed,412,,,2024-09-17 20:54:55.72412+00,,
1039,cDes1aVDZIV9RhP,3,1,Snippet,416,,,2024-09-17 20:55:20.058331+00,,
1040,cDes1aVDZIV9RhP,3,3,Paraphrased,418,,,2024-09-17 20:55:42.528807+00,,
1041,cDes1aVDZIV9RhP,3,2,Abstractive,420,,,2024-09-17 20:56:47.508476+00,,
1042,cDes1aVDZIV9RhP,3,3,Gemini,428,,,2024-09-17 20:56:57.794023+00,,
1043,JDbKqDU0kVcpzSa,2,3,Paraphrased,411,,,2024-09-17 20:58:06.352315+00,,
1044,JDbKqDU0kVcpzSa,3,3,Quoted,412,,,2024-09-17 20:58:49.814984+00,,
1045,JDbKqDU0kVcpzSa,-1,-1,Snippet,415,,,2024-09-17 20:58:50.092968+00,,
1046,JDbKqDU0kVcpzSa,3,3,Post Hoc,416,,,2024-09-17 20:59:40.093261+00,,
1047,JDbKqDU0kVcpzSa,3,3,Entailed,417,,,2024-09-17 21:00:28.180259+00,,
1048,JDbKqDU0kVcpzSa,3,3,Abstractive,419,,,2024-09-17 21:01:36.520133+00,,
1049,JDbKqDU0kVcpzSa,3,3,Gemini,430,,,2024-09-17 21:02:28.485349+00,,
1050,JDbKqDU0kVcpzSa,3,2,Paraphrased,414,,,2024-09-17 21:07:15.165742+00,,
1051,JDbKqDU0kVcpzSa,3,3,Quoted,418,,,2024-09-17 21:08:00.662023+00,,
1052,JDbKqDU0kVcpzSa,3,3,Post Hoc,420,,,2024-09-17 21:09:19.543077+00,,
1053,JDbKqDU0kVcpzSa,3,3,Abstractive,421,,,2024-09-17 21:09:50.516157+00,,
1054,JDbKqDU0kVcpzSa,2,1,Snippet,425,,,2024-09-17 21:10:43.370771+00,,
1055,JDbKqDU0kVcpzSa,3,2,Entailed,426,,,2024-09-17 21:11:26.14876+00,,
1056,JDbKqDU0kVcpzSa,3,3,Gemini,431,,,2024-09-17 21:12:04.460298+00,,
1057,JDbKqDU0kVcpzSa,3,3,Abstractive,427,,,2024-09-17 21:15:21.729941+00,,
1058,JDbKqDU0kVcpzSa,3,3,Quoted,428,,,2024-09-17 21:15:58.357038+00,,
1059,JDbKqDU0kVcpzSa,3,3,Gemini,432,,,2024-09-17 21:16:34.192072+00,,
1060,JDbKqDU0kVcpzSa,3,3,Post Hoc,436,,,2024-09-17 21:17:31.821785+00,,
1061,JDbKqDU0kVcpzSa,3,3,Entailed,438,,,2024-09-17 21:18:18.129068+00,,
1062,JDbKqDU0kVcpzSa,3,3,Entailed,438,,,2024-09-17 21:18:31.413486+00,,
1063,JnWOZNB21QHPObQ,2,3,Snippet,417,,,2024-09-17 21:25:31.969833+00,,
1064,JnWOZNB21QHPObQ,3,3,Paraphrased,419,,,2024-09-17 21:26:06.103912+00,,
1065,JnWOZNB21QHPObQ,3,3,Entailed,420,,,2024-09-17 21:26:24.911268+00,,
1066,JnWOZNB21QHPObQ,3,3,Post Hoc,421,,,2024-09-17 21:26:42.612862+00,,
1067,JnWOZNB21QHPObQ,3,3,Abstractive,423,,,2024-09-17 21:26:52.710829+00,,
1068,JnWOZNB21QHPObQ,3,2,Quoted,426,,,2024-09-17 21:27:33.090076+00,,
1069,JnWOZNB21QHPObQ,3,3,Gemini,436,,,2024-09-17 21:27:50.476625+00,,
